username,userid
Savage,327
JClax,16499
St. Francis,346
circuitry,2085
ypwo,918
captain,2405
winjer,546
mothlight,2324
MEGA,1002
Jerry Lundegaard,4735
swan,835
Jab Ramtertab,5036
The Worst,2359
speeder,4907
KRNLYA,20716
Joe Batters,823
Al Barlick,122
sandwichguy,142919
StarSwallower,25026
Pajamasuit,70626
compatibility mode,131654
Beetlebum,3182
capricornus rex,1218
Automatic,2240
robleb,968
SNC,229
dierobots,2008
Smerdyakov,722
PocketDial,1065
griffith scannell,389
zisu,2391
Trill,32105
jhey,350
Jukeman,2571
Maze,129
Also Named Bort,142351
neuartillery,193
dicktree,84360
kid8,360
Death in Vegas,186
lights,225
umryan.,1219
khrushchevy,6697
FidelityCastro,3195
R C,30644
pokethedoke,143915
dogfight giggle,5053
Disturbed,797
tornhand,142462
this is destruction,1136
jams,2461
DammitSteve,283
harperesque,957
endor holocaust,109
Ides of Smarch,1605
cruelshoes,1313
acapelli,124
Petty,8763
cityCityCITY,4776
julia,7792
themightycronin,2314
virile,5070
Destroyevsky,61
someguy,72
alligator,6217
calc,1894
pretty yeoman,4385
Suspension Bridge,357
velvet anus,1436
oscar,2048
trdfjko,145619
Rempty,107
drsocc,12122
smelts,363
lezmarica,5288
gashed,2463
Lowbrow,1233
Wilderness,79398
magritte,160
Ahhhhh Cobras!,156
whitebelt,7390
great orgasm,1295
the moral bank,440
AllPartOfThePlan,144024
palefox,95866
shankly,228
VerityJones,145325
my piano,98100
adamtrask,176
'Jim' from The Office,1953
j-ol,401
carlperkins,4927
Xzibit,13638
exotic rabbit,143975
pizza,32808
becky,143933
BrainDamage,2000
shantih,93
danimal,39989
sumspanishguy,4932
ouroboros,143201
fakename,855
Sobieski,41800
based dana scully,143187
SALEM,386
danno,98866
Jim Slick,4813
Smackrobiotic,5027
mcdoodledoo,6989
Shart Damage,6447
smarchweather,32091
hansolocup,144206
neta,81
chomps,142285
wuk,580
X Marks My Pot,831
Killbot Factory,1764
harmonica,252
Gandalf The White,33682
acidity regulator,447
Bramlet Abercrombie,5018
bronzecast,552
Platypus,4812
seafoam,9669
nucho privet,947
Kaputt,79890
alex,2200
a woman is,1291
the ghost of levar burton,12989
newsoda,80793
discostud,2522
botanical illustrations,458
ifear,2696
man hold up,785
act five,1901
cookie rex,2295
Spartacus Mills,33731
daniel,12590
kaydenkross,3355
nite,36382
smg,3221
dalida,147003
joe bitch tv,523
Manheim Dingledong,32812
an otter,1146
all of the world,7984
GoodNewsFucker,2550
salmon of science fact,1493
September,1633
humanpanty,1208
mcgeegeepeepee,145431
2nd_yellow,965
yin,335
shirts optional,1473
spatula of the ages,1654
sleep maps,657
ver' rare,31758
nosebleeds,12418
lettuce,1318
Disko aka Disco,291
scramble,4861
moops,32048
fuckles's beard,12950
Mesh,2071
millionbear,709
Tell A Vision,1956
Mayfuck,145287
saintjames,4841
DARTH BROOKS,144964
Another Thought,4998
Sweet Gregory Pectin,190
endless dave,543
Cronos,285
Afrotteur,5052
Gregory Volcanoes,142307
nzs,794
lollian,2020
Arshashin,793
HiveBurner,4903
meeshpotato,138288
hologram,142707
misfit of science,4779
supbot,1547
DisposableGriot,4959
zeshank2,761
holland oats,3496
Shalabi,627
philistine,2066
derek,719
swims,37568
genghis sean,861
you're all assholes,1536
Nausea,142425
Subbacultcha,1284
60s_and_70s_guy,1520
igf-1,4987
Kokiri,606
mbv_arkestra,146549
ALmpla occupations,34433
Ram Abbalah,463
puddin,7647
Bernie,755
thefanciestman,1433
Night Bronco,1382
tonybricker,768
arthur_leeroth,2380
Fullscreen,698
Crisco Disco,1641
morton downey jr.,1100
beave,932
thebes chumpion,1399
clownwig,9444
Manifest Apathy,31804
hooch_lad,144331
Intersectoid,512
ecto,56
uncanny valley,1353
dbowman,3089
guidance,309
Beanbag America,1154
celery,4867
gucci man,2304
geologist,1867
witchfinder,753
scrumptown,130045
5% Tint,4822
transmissionary,320
uhhh,1192
watchyourscrew,7422
despite,492
you're a fucking great guy,143947
Davis M.J. Aurini,142873
Adult Contemporary,1319
kittum,142530
south pacific,5051
canned_bear,426
twice,1026
Weasel,9372
bam,3766
Daft Pun,143572
sugarberry,33674
Caracas,9458
waterbottle,1489
unsandpiper,1936
silverhick,4756
knitty_kitty,145913
dragon jeans,210
halliwell,2133
drank up in my cup,4930
john travolta,142621
duff,142437
Mr Squishy,142435
lostintheair,485
gentleman,1457
mug,34397
Shotokan,1932
stupid ass,1137
milknight,13028
rankoutsider,269
iacus,1277
oh! it's max!,1123
skramz casino,142416
king of carrot flowers,4517
Pancreas Jones,142293
zellar,138
rainbowteeth,9418
gdilla,2108
mango sentinel,37995
FirstMate,144415
teenage jesus,2165
Man From Laramie,764
mcphee,247
Evil Urges,2768
Disembodied Voice,1883
Burnt Macklin,33397
bingo,21611
statutorygrape,143158
wheel alligates,1669
dozens,9854
metallidevils,514
Lonesome Hobo,60
tawny frogmouth,38725
aspirinkid,112965
badversionofwar,144295
pulled pork,1511
deerhoof,4740
cloudy ferguson,1063
nikolai kuzmich,842
xxx-xxx-xxxx,583
Cynical,2880
feraltron,4821
Zurich,135
Peter Dinklage,2037
kentucky,955
Herzog,993
aeroplane,236
amaguri,1177
theworldof..,1302
manvstrees,126
doormat,1949
Gutslab,145223
flac124,4688
trilobites,36630
Capital,2358
gianni,142472
The Cat Returns,142262
Uppercrust,11540
shin chan,33145
toaster,1869
cooly,1487
sex cauldron,6537
pierrot,10281
honkduh,732
snow wave,600
Practical Steve,32668
raza,36578
beausoleil,1050
Sick Sad World,7837
toph,579
scornyorno,8107
gongshow,2454
butter,4820
dylan,4414
OBIE TRICE,142451
internethandle,1031
impossible penetration,1275
tender_comrade,4997
kyle,20272
Post Modern,1423
SvenMaeglasson,279
Berzelius Windrip,79407
The Puma Man,782
papercup,1175
junebuggy,2414
LilPoundcake5000,146478
deebster,2117
shockingfuzz,45850
BassUhBassUhBassUhBassUhBas,144062
goodtimes,2464
MikeyJ,1554
gazcue,145591
nvrmind,4432
Immanuel Cunt,888
darkendofthestreet,4938
northnorth,581
whodini,144127
macseries,405
Apeshit,33594
josh,865
easy,142259
chaosman,2277
wah!,33477
Vacancies,977
charm school,483
Alice,182
medicore bob dole gimmick,3970
Elvis Rudolph,1914
Little Miss Obesity,143998
swamp thing,344
Sheppy_Wong,1899
Schnapple,31770
Carlton F. Mintonado,1051
gandhi,12448
Arj,142450
Prince,1360
clamans,144173
street cleaner,1395
dankstank,143122
OnceinDC,1086
bort,31647
Nucky,110505
puffa Ranch,143922
johnathan_rambo,491
housesitter,288
harrold,2843
Rumours,319
Ason Jones,2038
Benny Bones,4356
Thresh,5004
drudge,1389
fux school punx rule,4692
Rainbow Battle Kid,1510
texasme,862
oh antrobus,810
pink snake,1551
eee,726
kthxbai,5038
sambadeamigo,177
scurrydog,640
ckettering,4770
BeepBeepImAJeep,4675
SeaLand,146467
razzle,2044
riffraff,2581
bill murray,15185
Spotlight Kid,1855
SpartRo,1152
duke,1232
positive shit,3921
Products7074740,196
Zimzum,33976
G_S,240
Bob McAdoo,4994
Aaron,806
zutroy,2221
Frippinion,4314
danslog,36936
TuDo MeRdA,2541
superhonma,1518
wanamaker,4371
frankie teardrop,5034
nice pass,142265
Miami Advice,4533
Jefferson Zeppelin,217
Damien Amadeus MetalWind,218
allcaps,1386
teeny tiny cat,64659
sterno,825
wakeman,434
Scrumptious Justice  8-),2
nocturnalweeks,671
ruiner,1454
twoboys,142487
jerkstore,15639
jesus was wrong,4504
qwerty,920
Fan Dante,1517
200mer,2141
shiv,1617
timbrrr,1960
quotes punk lyrics,4772
blaat,90001
bedhead,1928
PROBLEMATIC,146512
littlegreenman,144681
number 9,3278
joe don baker,1913
dookdook,28852
touche,142687
roll,145428
hellotherepine,36531
tommy pockets,113354
Marx & Engels,748
Gnarls,202
No Good Advice,77
AwesomeBro,4767
Uncle Ernie,4818
Rocco Siffredi,146508
A-Ok,2155
rusty venture,33523
JayCA,142264
potentialgetawaydriver,4307
wnkrs,3442
jburtonrider,142
sniffer,1130
WishIwasNthe70s,1245
lunatic96,452
Pigwhale,4837
Birds vs Worms,1200
Lahey,7695
eyelikecandy,1985
roy,515
i push miracle whips,145141
Elephant,1550
gobsmacked,142255
Marigold,520
The Devil's Advocate,1082
transgressr,5516
Contristo,760
flash,2399
bicycles,238
rubicon,302
snorlax,5033
quilty,2435
Momofuku,720
Bluto II Cute-O,206
barrel eye,61288
Midin tin,4884
coop,1204
bedroomer,848
reepicheep,822
the_three_G_s,950
M. Piedlourde,5031
Based Bonnie Tyler,34272
Recordland,145752
sideshow raheem,29149
ingmar b,23186
vegas,1976
dreamshake,5054
solomon panaflex,1189
southpaw,5067
tomcat snarl,765
Prince of Space,2056
Markman,4760
McNutty,10954
tlooth,33203
ontario plates,5058
AdamThomas,1823
soaking kahn,61326
enlighteneddespot,220
shoulders technicolor,1597
wifebeat,538
Thrills,32156
buriedinspace,2160
Rumpleforeskin,1590
epistrophy,33488
sigh,2877
Nova,3836
tea preacher,141881
Grey Poupon,1225
slowen,880
Tuesdays with Morrissey,834
port,470
Wild at Heart,79457
bold man,1608
melt,2140
Evan Essence,4771
tarantula,1170
weezy,639
squalor kit,12777
knickknacks,1058
WistfulWorf,142312
doomedhuh,373
Riverchrist,358
therapeutic kush,518
Plaid William,56587
sleepwalk,2016
Blackeyed,301
i love to baseball,1202
snailed,36078
hbb,505
fuckles,69
Ghost Boy,745
boa,184
Chazzwozzer,26682
cletus van damme,2393
chimp_,1573
LobsterMobster,902
Bolan,12166
bengood,593
mac tonite,142820
squall and boats,2635
sako,851
gonzo,2446
chapin,29015
building jumper,740
Kafkaesque,939
flyingdutchman,2236
steakspoon,33019
patrick cokane?,365
prince tillian,31199
Jerk.,7421
qmass,676
new slang,55802
Phineas Gage,29570
Permafrost,1368
jeffins,568
strange potion,143074
liquidjesus,4468
terriblybored,4829
cerebralpaulsy,2230
gassy,307
Locke,2325
julius,281
unome,144000
rik pik,692
soup,144020
can,1227
Pee Your Pants Cool,32784
Pris,255
Moniker,144330
kid_chameleon,824
postmodernist witch,36649
harborcOat,1559
brady brink,34079
pq;,2199
thornhill,348
peterbuldge,1281
The Fool on the Hill,1354
antoine,3835
spasticcolon,36998
overoverover,379
drum machine,142426
johnnyricecakes,4277
heydrinks,4616
loaves,142978
Ezekiel Cletus,445
good news,1193
starless,84
hit record,199
Crutchfield,1490
Asian Santa Baby,461
Bud Onkadonk,1129
grayfox,537
wildarms,18677
kodachrome,4323
Allan Bloom,145506
slowfrown,1144
inanimate object...alive!,1009
darger,157
postmodernized,12200
Mincer Ray,2161
manunder,142257
goldsoundz,1156
battleship grey,165
7spelledout,2403
LIL UGLY MANE,142413
lordofdiapers,39260
tth,4357
babycrime,142394
Marcus Halberstram,21901
powderfinger,574
WHITEBOYWASTED,610
kreepmode,2145
greenmachine,4384
wallet inspector,1870
anagrama,4848
parades,9581
texas,36592
White Hipster Fag,146615
uosippe,33164
chimp,141563
traced out,1041
reelstatic,4898
prunes,915
BABE: SLAMPIG IN THE CITY,34338
Ici Aussi!,5028
Nice Pete,144103
brody,142493
trainwreck,1165
Kev E Fly,1463
wong,12456
BanEmAll Collective,271
trope,4923
mr. wizard,58
psyduck,819
Dedalus,4744
sunrise,18687
fraew,804
Voice of reason,1816
accidentswillhappen,585
thrdklla,1448
blotter,1429
whathappened,146537
Hudsucker,4906
Chyet,1552
Grand Epic,1033
catatronic,2936
dimetrodons 'r' us,37905
i was drunk last night,339
a new dad for all,144015
belgavin,2398
Dawn Running Bear,989
nicknap,4339
Itsmecraig,482
spaghettiandblankets,421
Self Destructive Zone,1849
separator,145869
Dr. Fraiser Crane,143949
sconies,19568
Lorem Ipsum,146408
dog liver,2591
wlad,36607
ShumpsandaBump,32811
Stuntman,16829
christmas teeth,1282
sigmonrunner,4826
MoneyTheBear,1229
ToasterBoy,1432
Ankh,2753
teach me metric,706
slothrop,2353
Brunch Buttsteak,1544
mariavesperi,142926
carrion friend,29217
friend,140
eponymous,599
ssshhhooo,1320
Destroid,462
Big Gay Baby,409
theoden king,32072
Malcolm Gladwell,35688
ScroogeMcDuck,2114
acedick,143165
hi-res,2083
Fiver,670
fuck me beetlejuice,144803
danny glover,2588
werd,99177
forest design,1931
Steve & Co,2294
sam,964
jewels,169
grnz,2229
Fuck mustard,144130
waterwhatever,145225
speakers,2430
transcription,334
Gyant,32816
internetstrange,142318
a is jump,270
Lucy Furr,10145
Conjectures win,144272
daver,1837
shame dawg,33410
diet arnold palmer,235
cordoba,289
Pascal Cygan,31247
dapperpuss,1670
thegreatflaneur,142932
prexy,31548
clayraaat,1642
Marcel Juiced,36608
Potential Boarder,31816
chairkicker,28372
thelonghaul,4289
Byron Chumlolington the Third,142282
James Woods,2587
trebel,578
vampirebear,4733
toots,1557
txtmsg,144007
paper moon,144054
tron,479
statue of a reformer,2390
yourekidding,2263
theharvardcomma,2251
You're a jerk.,3171
slops,144824
fuckyoudad,142283
bonedaddys waitress,143942
zamboni,368
Lyndon,32087
George Ricotta,36810
babybaby,12785
otis,1533
Tuba Gooding Jr,145915
notlenny,40611
ottbot,60512
Secret Kastle,145368
Guffaw,1377
walt whitman,17986
dad issues,6256
little suzie's surprise,4957
KALM,601
sadville,1142
Magazine,876
mourningmaniac,143353
Felix,5000
broseph,6130
honda civic,144046
babycanteen,1094
Geoff,2330
lemon lime time,4353
ghostmouth,1859
dbag,1182
fresh salad,694
burst,1027
m law,1840
bicycle made for two,22612
MonkeyTennis,5037
fatrick,287
Semper Fudge,13699
allinator,142943
bailefunked,2886
Lou Champagne,144448
spacetravels,12956
camping,189
crooked,644
nil!,453
All Star Sandwich,98442
The Defenestrator,744
Jonah,139178
chewy,2449
ClapYerHandz,927
jumper,144117
mancubz,37903
semigroupoid,1482
kpmns,6891
pizzapartiez,33516
big cat,34184
Jenda,33142
jett,770
parapet,242
Thistles,142303
spix et chicho,532
Primary,2556
comet,1408
Jeremy,604
ILM,1655
Grumby,79850
miraculating machine,143332
the scofflaw,602
oftoronto,2158
ledbetter,1578
Billa Clack,142323
SmoothOperator,12159
tottering faith,114027
mycrippedfriend,95177
Questhate,5040
--brutus,145539
Dear You,615
Phil,417
WAC,2410
andrei,251
unpredictable landlord,296
brownlights,245
plashy,40651
Deckard,650
ghostguts,1301
hired goon,142897
E-400,431
DJUNGELKUNGEN,756
Mr. Conductor,1097
mr. bear,2091
robert dinero,83865
thriftyrocker,340
joymonger,847
bluemachine,6202
HarryLime,1988
Macgregor,973
grammatron,342
nautical hyperblast,1987
orenthal_s,262
ghdvfddzgzdzg,1430
Albus,554
Midge,4341
spiraling,1394
Kiki,29745
Aeris Hilton,143394
slizwiz,145830
jeffrey,142423
nobalance,2099
your army,827
basenjis chortle,595
(^_^) tasty,582
Dirty Penny,2057
a trill ass ghost,5341
boonie,208
do3D,4736
spoonful,1945
freestamp,36572
broodstar,102739
familyfreeskate,589
Smiling Penner-Lite,398
rare sword collection,1364
Timothy,495
Toni Turner,143667
slime,699
abominog,564
van hammersly,2297
thetestis,144757
LloydChristmas,2074
fredcast,2704
head gardener,1357
bloo,144763
spin_spin_Capote,2583
Mr. Science,1081
crepuscular,142401
MDR-psike,1117
eghck,4934
screaming emphysema,866
bluemovers,136
a pharmacy,40985
pizzainchief,60544
deadbass,12905
bluemoon,34384
Percy Dovetonsils,406
Oblivian,5324
Don Marco,1589
Shoe,2878
cannedbees,36353
clambake,45928
Breath Mint,2303
verbal,1321
Stinky,2305
d2michael,9334
the brown cow,12008
pickles,22554
crystal.migraine,2070
pennyfive,1477
pinkerton,213
uaxactun,997
ka73,1138
hull Bound,4978
Catullus,151
tijuana lady,21015
gauloises,4757
peshay,4761
Eyeball Kid,4508
Happy Misanthrope,106
disco no priss,145062
Area Man,7725
reversemigraine,173
StevieD,617
matadorph,451
Ghost of Spartacus,142940
GeniusoftheCrowd,5041
inbox,6508
aluckydevil,144805
Paul Simon,11974
inafoxhole,4942
aVoider,1091
August West,144314
Luta,33137
havingsomethoughts,76604
narc blossom,69193
iambic,1387
saranclaps,1163
PellegrinoPapi,144707
organsolo,2387
mich,367
Hoxha,3692
*__*,2401
stochasm,3259
terminus,1998
SPEED ACE,1602
Crocus Behemoth,2096
Mandible,142535
ueckerist,2092
Gussie Fink-Nottle,2024
john locke,494
miguel,1099
Night porter,143917
DigEm,2101
deer,7367
l.ambient,219
Bob511,59
cubistcastle,4719
JUGLIFE,201
mouthful of sores,9885
fiddles,1832
Jake,330
travelin' bill berry,6065
facebook.com,28068
what's he building in there!?,4104
word count,147171
poop,1098
deep blue meanies,23759
shizaam,12495
"TASKER, JERRY L",197
snitch,4890
sordid affair,1030
tricky,424
TRIFLIN' ASS MILTON,33317
Spinoza,2312
preppy,3903
roman_bellic,31750
fizzle,1191
education in reverse,859
pugnax,142424
ralau,34977
franzkafkaesque,2157
wormz,4450
stephenhandley,117017
la croix,563
CudNylon,501
Hornophobic,917
joebobmccrackin,2088
gotthemtoboardhere,144776
Tai-Pan,1911
WHALEJARK-EN-CIEL,11530
Asymmeter,3775
delgriffith,2357
hideout,36346
Arturo,443
jumpcut,5014
Frank Lapidus,4768
Scrooge McFuck,9823
Milquetoaster Strudels,1649
VH Balanced,624
glumble,2069
wei-chuan,1080
Steve and co,142443
dusky,122287
Sissy Spacerock,293
Klint,226
fackelmann,142291
tex porneau,28185
Sam Bash,995
ashy larry,32607
denvermax,3947
standard homo bullshit,144215
Zwischenzug,399
goofjan grievens,37213
robotculinaire,142431
naturemorte,910
cosette,16591
pissywife,33126
Blorp,1860
whatsgoingon,5050
Totally,2184
evil olive,1049
c-p,963
Hollowperspectiv,757
christian,2089
half-cat,2601
KPH,108
noiseandpop,1358
bespokey,144006
Clayton Bigsby,4755
Gimbodo,5866
women's gymnastics,144208
came to wreck,7376
905,4909
My Pal the Crook,4702
Intervalo,142272
Cone,19509
Skully,2053
good_maritimes,653
NastyNate,5001
bigpussy,142417
incandenza,2104
Dad: The Boarder,1443
Colonel Longshanks,76
wiccanburn,142388
taargues,809
mooncalf,142320
dash helmut,1480
techno beats,145
demis,1915
landspeedrecord,2504
The Munificent Motherwell,909
MikeS,170
Turner_Brown,121
moffett,1948
Franklin Delano Roosevelt,830
king ding-a-ling,12957
nicecatbutchicken,36831
splasm,572
ahungbunny,739
burpcontest,2110
noosecast,36556
fulltext,2046
piedpiper,221
Mrk'smassivehands,4801
Buzz Fledderjohn,527
Slamwich Artist,341
SATAN,243
Todd Margaret,1546
chopperpilot,2476
sleeping,142290
Seamus,2252
blogger status,517
kristop,384
charlottepipe,142447
CoolRanch,33734
the upland trout,960
choleando,36567
CelticFC#1,1802
++++++,469
chaunceypeppertooth,144076
WhatElseIsThere?,33431
roosevelt,2050
nonoperational,1341
Razors,1921
gutenmorgan,4830
cyantific,1532
marble,1001
bankhead,767
Legion,364
YardieLobo,57016
Non sequitur,1309
smartphone,37688
frito pie country,33388
dr. badvibes,5065
WummeWenders,1539
Gehrig Industries,1896
Brouhaha,1363
klubrick,36326
Poptone,487
aladdin pain,143086
harpooneer,33476
coinlaundry,4852
Atta,371
Casimir,116876
Sloth,6021
catchpenny,354
beefbroth inthe shitpipes,1881
tetragram,144912
nakedlunch,1760
Burt Falcon,32725
bad gateway,142825
important dentist,4905
A WOMAN IN TROUBLE,147803
jeemsupremedreamteam,2075
elaine benes,47613
sultanpepper,1442
pana,167
Honga Ciganesta,48136
carrskinder,142300
avenue,4961
Dr. Norm Thagard,313
Humanbeing,115535
mchamartin,2207
Ddiamondd,4984
Unprofessional,3865
mites,1149
Baconesque,890
mutism,609
sharkhax,845
Gnus & Ledger,1373
weedsmoker,79862
Parnelio,441
iambic5,559
ceo,144154
Ted Pikul,343
Trebek,1246
who by barbiturate,31173
okl,1878
subtitles,145374
hotdogs,34130
delorean,1198
someoddhours,1014
Guy Incognito,484
SonicBoom,535
eleanor,31703
Pandru,5916
clockout,565
Gene Parmesan,1162
Mandingo,2208
pseudozebra,6446
wolfie limbaugh,264
clams,1624
Shost,2079
bunny slopes,2384
RAMBLIN MAN,1252
IRZ,100
GAYDAR,4988
surly,312
blues,838
islands are forever.,1286
ernie,2087
barbara_h,1372
morgan blackdicks,1253
Quigley,144332
Hieronymus Kush,33196
bazooka,2054
boddy,142279
PaulBrown,146630
super gas,90
ihateoutdoors,4714
doron sheffer,980
Tybalt,603
tyler_c,4936
Architecture,1338
steaming shit,12778
future milf,146768
DICK WOLF,4207
DiscoJon,4950
lolcifer,14137
Hot Piece,548
aoife,42954
SatoIsNotPlace.,1371
Cobra Calling,7387
keykey,114
sabinfire,446
atomicbombshell,254
feaxfang,100288
polygone,33685
Hugh,403
Shotfrog,1401
sympathy,1264
M.Ho,4914
Ned Smanks,25466
flimsy,32083
wreckedangle,143026
anomalocaris,1109
spokeydokes,142421
Xylomophone,4996
Bologna Butt-Chic,712
shermansghost,16587
Misunderstood Teenager,46674
not_mcphee,305
shacky,1047
Ghost of Pat Tillman,4804
Former Airline,4750
axelrod gunnarson,1475
kino,1579
Fyodor Dostoyevsky,4913
notjeremy,142391
hiddenicon,1114
erroranalysis,525
raskolnikov,672
red desert,33636
Jewtron,2234
kasual,4526
Mister E,2227
bufu,778
Penitent Man,12213
Foob,1279
caesar,9136
emotional fascism,75
Bartatua,872
BlackSwan,2420
reddit.com,133188
groundflower,4145
Shred Durst,4685
Lowercase Tea,2122
i won a contest,79472
JohnK,413
NickStarr,145503
pop zeus,1206
Bad craziness,526
Quizzical,658
Brontosaurus!,6069
i piss on jed clampett,679
Frizzleandra,5005
Polynoggin,805
shark week,4965
pogonrudie,660
gauchebag,937
fosse,98
zolpidem tartrate,2169
Gourmetbe,19553
MeElect,1922
asphalt,1000
lefthandshake,32835
sour the whip,128345
rtt,1616
iwillneverpost,2675
hopped,352
cartola,1143
sugar hiccup,136104
marathong,2778
Nude Spoons,2035
hektor,1884
moses,32690
beezlebub,1324
Merciel,353
mellowgold,267
Black Sabbatical,4696
diaryboy,2961
Fletch,1074
Bananafish,833
sonicgabe,1777
cashflagg,142252
koyaanisqatsi,2445
martha s,2086
GreenDylan,33156
crams,146633
Nacho Novo,473
chowder julius,145481
vurt,7797
brainclub,2274
orange farmer,592
Mouse Face Killah,596
queezee,2034
Tongue-Tied,2204
big meech,4933
night moves,13843
Zorro,19098
Hideaway Lights,410
pablito,266
various artists,33609
pootis,38717
nope,32774
bushwick jill,2002
BlackSugar,241
Agent Bob,738
lazer81,5013
Billy Monster,836
bobbypinhead,4975
tacobelle,142577
stumblerunfall,922
Detective,146543
mego,362
worrywort,560
ANU,258
Drinky,1817
marcinio_hall,4866
vertical slum,142700
Sir Pizza,1596
KDilkington,12389
Toxteth O'Grady,2465
hey look,901
the moon the moon,4490
callipygian,4454
badminton,308
black sandwich,2172
buddha with mace,1141
tgk,22551
REAL BASED SLOB,12460
Phils pecker,4894
yukon,1501
buzzard,40380
mikey,4775
nghiem,4939
The Unblinking Eye,853
chandler,820
addison,16530
This Guy,673
ready willing and ableton,1011
sky cracks open,1380
orenji,1215
Peter Criss,385
manateewhatever,145413
wyatt,792
olmos,626
palmer eldritch,887
HOT JON,4897
Spoilt Victorian Child,763
Bacharach,1184
Hipinion'sGhost,934
jenmichaeljarre,4868
Buddy Glass,278
shaq,1612
Slay Da Pink Fleshy Beast,1895
two-way-fart,32215
Luke,1437
Jack Swagger,2065
bloodlines,144169
junglejim,142287
Paul E. Pasta,4847
Organic Croutons,5104
bowlerhat510,14826
whatabout tim,867
Clive,146631
husbands,359
alanbee,1607
Raleigh,34422
Walrus_Sox,4205
Tetradyne,146365
Filbert Custard II,4981
Bananas & Root Beer,12955
Stagger Lee,2808
hipinion2,145504
hash driveway,1479
good pups,5154
grass tacks,1982
messier object,233
alberto caeiro,58889
Christmas Ape,1231
blendercore,4953
Sutro,143924
StinkyPat,2100
paws scaggs,790
A Gentleman,143448
Brevity,803
Johan POOPLER,943
lebowski,139
Robo-Chachi,253
DizzyBusiness,2540
bat house,1025
nocents,4477
bearthoughts11,6669
HorizontalOne,4825
Snake,318
falser83,4734
Robert,5698
Ron Paul,34971
werewolf badhat,34276
the_village,1251
blue sunshine,142444
roygbiv,3524
biz,477
Amblin,798
papabones,112929
Rilkean heart,145942
r4l9,2292
blurst of times,661
mattstan,20946
Manual Headhunt,142263
acurious,14687
Dakota,2013
Martin Lawrence Olivier,2595
pitchfork.com,427
SynthesizerPatel,1527
wintergreen,68
mustelid,28349
soma,5009
Sleepy,32688
murray st.,1131
Toofer_Spurlock,1737
Astro Physics,36548
clown,791
Hat and Beard,1169
harry mason,1498
brent,524
Pokemon Mastah,1975
Frank,290
Brett,47904
Snatch,423
Dinosauria We,1835
impalebot,1614
Durham,567
wolferine,1299
sleepissleep,2333
Flossed Out,4536
NaughtyByNurture,2827
Stegosaurus,32086
Pace,143049
clancy,1831
Sharmoota,32323
"new blood, old hat",459
Jimmy,4862
galactagogue,145081
IdakoosGab,60167
odileh,4404
mcwop23,633
Canavaro,2646
Basil Jennings,2224
NEO,34927
Simon,1562
freeform,1526
watt,4457
TRASHBOY,1023
Your Turret Has Been Destroyed,5094
bloody_bastard,1449
elucidatory death image,32946
playtotheexits,2111
rudylaw,9451
isobel,172
sevenarts,7497
snively,204
fabio,32886
seriesfinale,152
taco bell,145302
Occlusion,145286
nerox,1236
dotheknifefight,2310
archaic,817
VHGisdead,536
kid pretentious,2059
Enemy Ace,3181
Dr. Fishopolis,4483
Poor Richard,145183
shasta mcnasty,144857
skittish,480
gordie blue eyes,1657
hangry,145572
millar,36564
palin4life,9475
kingofspain,9325
stamp collector,144145
sinoscience,47804
jca,1560
highly sexual voltron,541
mickdagger,1491
Feech La Manna,983
bowl cut,44189
blunder cats,710
LastHurrah,2344
Clownsex MC Cockdiesel,31845
evan,723
clubbedmuskie,1183
fiveburger dmitry,2452
Father Sogol,13228
vital signs,33227
blinky,105
ComradeWolf,1425
Taco Tuesdays,48481
lockheed's old roommate,143954
holes,292
SolemnGong,2570
aiko,381
fresh,391
David Lobster Wallets,104769
windigo,6075
goldmatt,1681
jarsilver,1850
whiskbroom,80043
shevin kields,142571
skinny bitch,146551
carl junglist,142308
Ersaph,2164
Ferrous Bueller,2154
DasLofGang,142436
echoesmyron,948
psycho,15751
lynn minmei,5569
uncledoj,442
let go of your thumb,31417
wizard,1121
Lucky,4788
poobus,26804
Julius Sumner Miller,1059
Cynwad,2549
bagwhat,83
interesting results,34213
impress a french girl,3477
Rhodes,28072
draculina,32137
rale,4836
preambling,79552
Lampwick,187
buttermonster,1595
Render,400
trigross,1392
michael,295
quartzzz,145624
banana milk,3311
quite a muslim,1298
carter,299
arrête papa!,966
Augen,4798
odilonredon,142461
Mr Spaceship,714
thanks mountain dew,31717
BIGBIGBONES,4900
piper,1973
furrowed brow,116368
Webb Bored,2258
Jumpin' Jack Flash,2291
Key Master,961
Link,2152
brennnnz,1290
Fed Ups,1008
robespierre,1077
mad snob,5171
deklin,2220
cozy,142325
starttomelt,1446
def from above,481
kranky,94
brucey,41465
Montague Terrace,1427
Gulbuddin Hekmatyar,28605
kiwikilla,5565
strong nose,33313
number none,4962
alaska,142955
das ding,4429
FourLegsGood,1039
CBS,844
ill murray,31739
mouse pad,2064
land of nod,4753
cruiserbob,2937
kingblind,4367
staple,1235
seinfeld.gif,144160
Det. Bobby Gold,142403
a-10 warthog champion,7306
maxwell bingo,181
giant_turtle,914
edgeev,261
stakeout,40419
Bronsoon,1108
ghost_dog,32741
cram,297
federal road,145480
pencil,1941
pellegrino viking essays,15119
waldojeffers1,16498
full of fire,530
anormal,2267
rabbit,1212
nenad,53
up_colorful_hill,637
donut,162
LFTsky,383
universe,250
wheeljack,1967
drwiley,18639
Spruce Moose,142449
excowboy,1221
dylanclub,2028
wigra,30900
boner,906
mrdressup,142275
goesgone,145089
hedgehog kid,1325
ambivalence,605
sid,143000
ferdinand,1244
rousseau,2440
containerdriver,44690
Poison Cookie,1405
No Not Now,67
inspectorhound,144952
Polygraph Shakira,142455
Here Comes Treble,628
Kuboaa,1222
A Rebours,1018
kevmax,142432
DestructoBot,102
guaranteed mediocrity,142769
wittgenstein,142899
digital friday,1478
deadwolfbones,832
brentmoney,587
Toad Hall,3884
fredonia,142270
risekevin,2447
Asshouse,142313
Kevin McCallister,321
mascotte,16114
melba toast,32382
Paint.,457
leftproofbox,4703
brittle,74
MrDecember,3038
devolute,1499
blake,16275
Nivek43,104450
puffthemagicgirl,1292
neuroticguy,99
arushofwings,1771
dan,647
makin a post,142395
freddysparks,145604
DAT TRILL FRIEND FRITZL,622
aStartlingMoment,1285
Dave Matthews,5287
rivalité,377
grendel54,142414
Ben Murphy,32076
modulor,1248
edie,3702
chinese smoke,142693
bluetooth,690
sectional,881
$u$piria,4331
Strangelove,3795
matt,2235
huck,4802
Boo Radley,2352
unreconizablyred,32306
rei,70554
sockies,34251
buttersnatch,143
always_hungry,4958
MONOLITH,415
pomplemousse,3001
MmmKCR,1792
xgeom,730
sassafras socks,2279
npc,6147
morbo,30539
retriever,2025
kropiniski,18623
tennessee,2058
donna martin,146623
Jesus,349
thechef,5735
feeling better,366
baleen,12782
kit fox,913
WaywardScribble,9470
Jay Owen,336
quentincompson,34601
Ralph Vaughan Williams,496
Meaul,903
gazedo,33988
porn.exe,32071
banquo,1652
nailbomb,475
Wayne Chrebet,4452
thejazzwolf,34223
jbiz,174
Quenelle of Suck,4729
herheartspeaks,4711
Rollerskateskinny,2342
mynamerocks,4940
ThulsaDoom,786
mworth,630
memory boy,31761
bee,9484
McDermott,195
buboclot,1012
glock mane,1238
rollercoaster,2231
miss black america,1365
dynamo,1237
Inri,1317
kitties,4683
Vasya,1161
gskrap,25404
benway,3680
jesus9Energy,1891
Ampersand,420
nonfiction,12331
ernie anastoz,471
Grand Champion,575
shank,1180
rising_warrior,4348
7SEVEN7,4524
HotFingersClub,146283
Nadz,234
average deceiver,875
pocket shepherd,645
Egads,702
autocratie,4833
tomasu,304
ted dibiase,813
rolaids,1274
Malcolm Money,1858
sleigh,946
dubs,4782
topleybird,314
chooseyourguru,2238
boatwave,142779
tuffstuff,4790
edella2,142341
ir0nlung,4699
jireland,2032
Ester of Wood Resin,1111
Smarmy,891
Slowjam and Earl,14297
Meliora,2388
smuckles,1565
Dalen,506
Broken Eames Chair,144234
OKterrific,432
Rastaman Vibration,4976
Coca Cola,557
Yves & Wools,1061
RedHots!,1469
keith hernandez,310
The King of Marigold,120
basquiat,4947
eat a brain,31024
mpanini,146480
sean bateman,4912
vsevolod,1343
what the schmuck,3343
Brain Stew,333
ayodelicious,142879
way to go juan,6255
Quixotic,1455
turk182,30034
THB,584
clothbound,4420
gold and glass,244
Mute,1776
plum rude,3236
quarantine,142663
The Dirty Turtle,1346
Hal Jordan,66
stinkypete,521
Baby Museum,549
Penne,12752
a long gush from your hole,32309
creationist,1224
black drum,13482
phil collins,1249
pissydan,55
ruse,142393
Equipo,178
hyperbole man,33294
hp haddock,325
bbak,4710
dosbrains,1916
DIPSET CAPO TWERP WEB,142373
Track A,704
A Fax Machine,6893
theta,766
Jakels,1543
douchechill,708
cake,143064
joe,818
sleepy_boy,716
mailbox,629
swift,808
florist fire,1017
Toxinho,4538
uruinimgina,5024
thisoneholymedium,32596
Cacophony,613
Mean Princess,31919
fishpicnic,1468
ohmanohman,784
GoAnalog,1805
apostrophe,256
fester,643
yupislyr,303
ARealGirl,4908
shotzi,1210
wall,20869
ursa minor,63
i'm lonely,143988
santodomingo,17769
stephenwoolf,4951
HUMANIMAL,454
ok aneurysm,143923
mystery meat,142463
unspoken,147
mixitup,796
pollaiuolo,2120
mike,729
Hutch,2156
Marlon,222
virexgaze,1376
Count MC,1339
enid coleslaw,7032
23skidoo,11597
treinspore,5006
honeypie,5057
pantsoclock,246
Dog Hands,117
Philcollins,32133
Sad Panda,1132
General,1450
Rusty,315
Jouster,215
Hot Carl,1176
jesus_whathaveidone,142412
hellphone,642
lt. Col. Rimfister,1378
manierisme,393
lust,1961
neurot,263
withnail,1997
Mechanical Birds,16529
snowcones,2202
FoxPass,936
generic,80933
rentboy,3140
groovingrapefruit,145086
root beer,1673
TwoInchesOfTrouble,1314
todd28,4809
Chavran,1280
free range lettuce,962
Mr. Peaches,34220
Dinosaurboner,2851
Thalidomide,1262
temporary thing,144462
Caulk,750
Boog Powell,868
crash.landing,4360
Zaminium,31670
astrocat,856
miscarriage mcstairwell!,142559
colour,32800
Mr. Cool Wave,1070
butanebob,1509
badhat,131
Utah,2078
Pops Freshenmeyer,2282
swag motherfucker,455
subtracticus,1774
hatertime,34192
dekkard,142267
silverapples,306
Roboto,1995
Pnin,686
WPD4,3087
cholula,140027
lucious sweet,4966
jesus murphy,90452
SPICER WINSLOW,142415
Barack Obama,329
Murgatroid,180
The Ferg,4786
gambra,4783
feral,259
tuffdandle,142404
eye.see,25866
John Dark,149
black mamba,248
Genius Sir,1349
arepa,1326
dancer,143977
chico,356
neopolitan,146
Fuller,2116
brothertony,2275
MADONNA WAYNE GACY,20466
foxriver,183
Albatross,474
AimeeAmyAmie,4345
peter,2499
ladyblahblah,1113
Speaking,1768
jojo,13129
Rhape,4535
ED HARDY,132
corpse,2339
kettle,1874
Gary BonerBreath,2072
ripersnifle,12444
bgl3,4952
midnite cobra,142470
john penis,12378
haywood,345
dcm,843
loadletter,1213
largemarge,76657
cool guy,142564
wino,23314
☑ the slokra ☐ not the slokra,6924
ekirk,7266
lockheed,450
Huffington,2453
herbert greedy,145472
Prof. Horatio Hufnagel,31802
Dead_Wizard,34376
Tar Pit,6611
futurist,1977
kurt__,145790
transitive,591
criss elliott,143616
sad little circle,145602
1986,1441
JesusBuiltMyJetpack,4686
Canadian Todd (for Canadians),2692
Hambelt,142434
Hans Groover,144008
sicknessreport,1461
Amy,116099
vacuum cleaner beating,11454
9.5,945
Star-Lord,144308
bobble,687
multipass,4846
lil abner,142273
mousebiscuit,1618
sadtexts,143487
Triple Platinum,142430
rosin bag,799
johnny utah,1029
idyllbergh,40388
patrick_chewing,30912
cruel,142280
arne,5003
hocuscrocus,223
Mechanical bird,507
SPF 666,12340
Much Honoured Lord Nefarious,555
seank37,4680
JongleurGrey,145393
nug bug,32241
Lake,2149
vicsintra,4764
jesse,1999
Tempo,101
mortimer,142286
junebug,113209
jerbear,1513
book,2298
stumpy,142504
Mr. Towel,680
pez viking,898
mmmbop,36623
rex,693
Future,703
1600 Battle at Nieuwpoort,2226
golden rules,311
Saint Francois,144187
ZONKER,52645
patchperfect,214
Bettina,142428
baba o rly,503
PBR_Streetgang,5649
lois sandborn,142294
Kozelek,3995
Egyptian Femme,7002
rap and country,608
Duplo,1015
