username,userid,posts
Scrumptious Justice  8-),2,58980
delgriffith,2357,51034
badhat,131,40537
Feech La Manna,983,39171
pana,167,37942
grammatron,342,36938
Jeremy,604,34387
mcwop23,633,34294
The Dirty Turtle,1346,33687
Durham,567,29361
kid8,360,29031
tth,4357,28134
Spoilt Victorian Child,763,26870
bingo,21611,26567
clown,791,24078
iambic,1387,23874
mites,1149,23707
Ram Abbalah,463,23467
sleigh,946,23427
VHGisdead,536,23151
fuckles,69,22679
JUGLIFE,201,22077
WAC,2410,21873
universe,250,21780
nakedlunch,1760,21657
Amblin,798,21387
BlackSugar,241,20820
wolfie limbaugh,264,20749
doomedhuh,373,20475
Ted Pikul,343,20395
waldojeffers1,16498,19661
ecto,56,19596
Robo-Chachi,253,19188
pissydan,55,19161
sordid affair,1030,18440
pootis,38717,18264
The Munificent Motherwell,909,17877
Suspension Bridge,357,17568
Baby Museum,549,17412
Lucky,4788,17406
seriesfinale,152,17390
blogger status,517,17264
Much Honoured Lord Nefarious,555,17217
Guy Incognito,484,17075
gold and glass,244,16869
Cronos,285,16780
Frank,290,16605
☑ the slokra ☐ not the slokra,6924,16112
fury,257,15832
Petty,8763,15817
jewels,169,15560
Architecture,1338,15417
number none,4962,14991
genghis sean,861,14486
Totally,2184,14118
Savage,327,14110
spix et chicho,532,14032
murray st.,1131,13830
fester,643,13545
gambra,4783,13392
chimp_,1573,13384
Snatch,423,13334
Merciel,353,13246
Asian Santa Baby,461,13160
Klint,226,13074
beave,932,13070
deadwolfbones,832,12809
dog liver,2591,12687
Hal Jordan,66,12684
brent,524,12284
someguy,72,12206
Ankh,2753,12190
Locke,2325,12030
carlperkins,4927,11957
manvstrees,126,11872
generic,80933,11369
Rhodes,28072,11347
hey look,901,11314
G_S,240,11262
Buddy Glass,278,11239
OKterrific,432,11189
super gas,90,11111
tricky,424,11085
Gehrig Industries,1896,10921
Johan POOPLER,943,10919
macseries,405,10861
chairkicker,28372,10695
important dentist,4905,10669
kranky,94,10668
swag motherfucker,455,10619
brucey,41465,10588
pinkerton,213,10513
swamp thing,344,10501
Kevin McCallister,321,10338
darger,157,10144
Toofer_Spurlock,1737,10022
The Devil's Advocate,1082,9997
CudNylon,501,9956
Chyet,1552,9835
jerbear,1513,9797
wheeljack,1967,9709
an otter,1146,9584
IRZ,100,9545
eee,726,9536
hbb,505,9336
FidelityCastro,3195,9220
antoine,3835,9190
Shalabi,627,9173
Paul E. Pasta,4847,9158
Dr. Norm Thagard,313,8999
Luke,1437,8801
husbands,359,8788
addison,16530,8688
zamboni,368,8602
pocket shepherd,645,8554
pierrot,10281,8520
d2michael,9334,8467
Ersaph,2164,8345
internethandle,1031,8216
surly,312,8191
Kuboaa,1222,8189
5% Tint,4822,8151
black mamba,248,8098
Bartatua,872,8097
coop,1204,8055
roy,515,8031
stakeout,40419,7995
Dalen,506,7985
speakers,2430,7962
black drum,13482,7930
Marigold,520,7926
cram,297,7871
a-10 warthog champion,7306,7857
mikey,4775,7841
dragon jeans,210,7818
nautical hyperblast,1987,7812
Mandingo,2208,7804
Shost,2079,7786
R C,30644,7757
transitive,591,7701
JohnK,413,7611
worrywort,560,7549
came to wreck,7376,7548
bold man,1608,7471
Grey Poupon,1225,7426
SPEED ACE,1602,7416
Stuntman,16829,7402
Dear You,615,7393
Legion,364,7367
wintergreen,68,7356
internetstrange,142318,7346
unpredictable landlord,296,7285
jbiz,174,7221
patrick cokane?,365,7214
Gnarls,202,7152
grayfox,537,7102
Poptone,487,7091
sambadeamigo,177,7086
pablito,266,7050
the scofflaw,602,7028
good pups,5154,7024
the singularity,5836,7011
captain,2405,6999
white mage,211,6972
j_brooks,733,6902
camping,189,6832
regs,232,6826
Ghost of Spartacus,142940,6784
giant_turtle,914,6767
glock mane,1238,6764
atomicbombshell,254,6738
andrei,251,6650
feral,259,6583
KALM,601,6509
Spotlight Kid,1855,6508
Milquetoaster Strudels,1649,6452
Contristo,760,6433
Bronsoon,1108,6433
marble,1001,6320
The Emperor's Son,231,6230
rentboy,3140,6222
Sweet Gregory Pectin,190,6187
qwerty,920,6174
Zurich,135,6142
okl,1878,6106
brittle,74,6092
tex porneau,28185,6085
REAL BASED SLOB,12460,6045
king ding-a-ling,12957,6039
7spelledout,2403,6017
Mr. Science,1081,6006
Self Destructive Zone,1849,6003
edgeev,261,6001
powderfinger,574,5997
staple,1235,5900
creationist,1224,5883
saranclaps,1163,5872
Uppercrust,11540,5848
uaxactun,997,5831
MikeS,170,5790
lockheed,450,5783
loadletter,1213,5761
darkendofthestreet,4938,5739
housesitter,288,5662
ueckerist,2092,5649
lostintheair,485,5641
easy,142259,5593
bluemovers,136,5592
lordofdiapers,39260,5586
Bluto II Cute-O,206,5528
mudd,777,5528
quilty,2435,5514
Timothy,495,5464
acapelli,124,5437
ghostguts,1301,5437
tgk,22551,5360
frito pie country,33388,5357
joe,818,5319
reversemigraine,173,5318
rivalité,377,5304
Mr Spaceship,714,5290
port,470,5266
sharkhax,845,5255
Fullscreen,698,5228
sadville,1142,5220
s/ns,70,5218
Riverchrist,358,5202
mellowgold,267,5190
Buzz Fledderjohn,527,5179
trope,4923,5157
chandler,820,5156
dr. badvibes,5065,5150
Ferrous Bueller,2154,5134
viachicago,4309,5130
Murgatroid,180,5118
starttomelt,1446,5095
Seamus,2252,5091
gauchebag,937,5082
No Good Advice,77,5081
boa,184,5009
emotional fascism,75,4987
john locke,494,4934
This Guy,673,4887
can,1227,4874
parades,9581,4856
sako,851,4807
Bernie,755,4763
cooly,1487,4738
hiddenicon,1114,4711
dcm,843,4674
prexy,31548,4659
Shotfrog,1401,4642
wlad,36607,4608
musette and drums,36243,4574
Ampersand,420,4565
Destroyevsky,61,4559
Parnelio,441,4556
mcphee,247,4482
Sissy Spacerock,293,4464
gordie blue eyes,1657,4436
all day breakfast,33407,4420
ZONKER,52645,4404
ifear,2696,4395
good news,1193,4389
Phil,417,4298
kit fox,913,4287
junebug,113209,4285
def from above,481,4240
Kafkaesque,939,4214
DestructoBot,102,4203
Hot Piece,548,4196
mouse pad,2064,4186
bankhead,767,4176
palmer eldritch,887,4175
Jake,330,4171
wifebeat,538,4123
Bob511,59,4114
red desert,33636,4111
apostrophe,256,4109
mancubz,37903,4104
traced out,1041,4099
futurist,1977,4096
crooked,644,4079
Hugh,403,4066
jesse,1999,4044
Mesh,2071,4044
Dinosauria We,1835,4035
rap and country,608,4012
orange farmer,592,4001
Ned Smanks,25466,3991
toots,1557,3981
fresh salad,694,3978
(^_^) tasty,582,3969
keykey,114,3925
fiveburger dmitry,2452,3915
snitch,4890,3910
naturemorte,910,3815
j-ol,401,3788
gallits,20482,3785
Catullus,151,3782
delorean,1198,3781
wyatt,792,3762
baleen,12782,3759
Coca Cola,557,3750
Duplo,1015,3747
neuartillery,193,3731
Rainbow Battle Kid,1510,3709
DAT TRILL FRIEND FRITZL,622,3675
Flossed Out,4536,3673
Berzelius Windrip,79407,3666
bluemoon,34384,3648
wong,12456,3641
SNC,229,3630
MADONNA WAYNE GACY,20466,3603
watt,4457,3562
blues,838,3548
duke,1232,3542
dubs,4782,3528
umryan.,1219,3516
X Marks My Pot,831,3512
Sobieski,41800,3477
VH Balanced,624,3468
evil olive,1049,3458
douchechill,708,3455
mego,362,3446
DizzyBusiness,2540,3427
good_maritimes,653,3395
mcneil,31947,3376
arushofwings,1771,3295
Mister E,2227,3286
donut,162,3270
Hieronymus Kush,33196,3254
adamtrask,176,3248
klubrick,36326,3228
Weasel,9372,3199
bill murray,15185,3198
"TASKER, JERRY L",197,3177
xxx-xxx-xxxx,583,3161
the_village,1251,3155
barrel eye,61288,3137
shark week,4965,3136
Turner_Brown,121,3130
Damien Amadeus MetalWind,218,3128
stupid ass,1137,3115
Pris,255,3111
ahungbunny,739,3108
Smiling Penner-Lite,398,3099
dan,647,3075
razzle,2044,3063
drudge,1389,3058
Jefferson Zeppelin,217,3056
Rumpleforeskin,1590,3043
rtt,1616,3039
Guffaw,1377,3017
largemarge,76657,2980
endor holocaust,109,2961
SvenMaeglasson,279,2935
comet,1408,2918
cyantific,1532,2918
Pokemon Mastah,1975,2901
i push miracle whips,145141,2898
parapet,242,2872
kid_chameleon,824,2849
gashed,2463,2846
sky cracks open,1380,2812
Felix,5000,2810
DIPSET CAPO TWERP WEB,142373,2804
kid pretentious,2059,2797
fakename,855,2787
Prof. Horatio Hufnagel,31802,2779
gentleman,1457,2774
johnny utah,1029,2759
jeffrey,142423,2759
silverapples,306,2751
theta,766,2748
shirts optional,1473,2741
gskrap,25404,2738
isobel,172,2730
millionbear,709,2726
crissaffa,63601,2710
dreamshake,5054,2696
pretty yeoman,4385,2685
Vasya,1161,2662
Aeris Hilton,143394,2661
Montague Terrace,1427,2648
Eyeball Kid,4508,2647
wittgenstein,142899,2643
mascotte,16114,2606
cartola,1143,2600
goldsoundz,1156,2588
FourLegsGood,1039,2586
i was drunk last night,339,2547
joymonger,847,2534
sultanpepper,1442,2521
SynthesizerPatel,1527,2517
mixitup,796,2515
fraew,804,2508
tonybricker,768,2487
miss black america,1365,2484
witchfinder,753,2477
landspeedrecord,2504,2472
leftproofbox,4703,2470
joe bitch tv,523,2454
blake,16275,2443
shankly,228,2440
Elephant,1550,2425
mortimer,142286,2419
papercup,1175,2414
Slothropian,1145,2408
pantsoclock,246,2403
Apeshit,33594,2401
Sad Panda,1132,2394
ripersnifle,12444,2374
lights,225,2372
1986,1441,2362
NEO,34927,2360
brentmoney,587,2338
honkduh,732,2330
jon,2493,2328
wuk,580,2322
sour the whip,128345,2318
snow wave,600,2317
weezy,639,2294
reepicheep,822,2291
glosstime,566,2281
AdamThomas,1823,2275
Bananafish,833,2260
bengood,593,2259
aeroplane,236,2250
Platypus,4812,2248
MrDecember,3038,2222
Albus,554,2215
pokethedoke,143915,2213
Brain Stew,333,2203
Gene Parmesan,1162,2191
DammitSteve,283,2179
Nova,3836,2170
thrasher,416,2155
Vaneigem,4785,2151
virile,5070,2134
various artists,33609,2128
milknight,13028,2123
sectional,881,2115
archaic,817,2114
Potential Boarder,31816,2109
blurst of times,661,2098
granger,1534,2098
Crisco Disco,1641,2097
Cone,19509,2074
Automatic,2240,2069
Grumby,79850,2069
Joe Batters,823,2067
boonie,208,2064
tawny frogmouth,38725,2060
bicycle made for two,22612,2040
goldmatt,1681,2029
terminus,1998,2027
grizzleb,4843,2026
hellphone,642,2014
robespierre,1077,2010
pellegrino viking essays,15119,1999
The Unblinking Eye,853,1981
endless dave,543,1972
crystal.migraine,2070,1972
Wayne Chrebet,4452,1969
beausoleil,1050,1958
nenad,53,1953
HiveBurner,4903,1950
piper,1973,1941
guidance,309,1940
slowen,880,1938
sevenarts,7497,1935
fresh,391,1932
Permafrost,1368,1910
your army,827,1903
kodachrome,4323,1899
cruiserbob,2937,1896
Blackeyed,301,1887
otis,1533,1881
jerkstore,15639,1878
taargues,809,1868
Thalidomide,1262,1866
botanical illustrations,458,1865
Nadz,234,1864
handsome brute,298,1863
MikeyJ,1554,1855
inanimate object...alive!,1009,1853
fox's robot,378,1850
Nacho Novo,473,1843
mutism,609,1828
slime,699,1827
Dirty Penny,2057,1827
jhey,350,1806
legibet,1166,1794
fuckyoudad,142283,1768
"new blood, old hat",459,1767
Arturo,443,1756
sympathy,1264,1748
alex,2200,1747
Marcus Halberstram,21901,1742
steaming shit,12778,1740
Tongue-Tied,2204,1731
pink snake,1551,1726
nite,36382,1717
shame dawg,33410,1714
clockout,565,1709
accidentswillhappen,585,1705
Snake,318,1693
SonicBoom,535,1686
scurrydog,640,1676
Fiver,670,1669
sunrise,18687,1668
southpaw,5067,1667
mouthful of sores,9885,1657
Sharmoota,32323,1654
my piano,98100,1654
complete,125,1648
Mincer Ray,2161,1648
Itsmecraig,482,1645
lunatic96,452,1626
bowl cut,44189,1626
polygone,33685,1624
Quizzical,658,1606
Brouhaha,1363,1605
Robert,5698,1597
sideshow raheem,29149,1589
Zwischenzug,399,1585
Kev E Fly,1463,1577
Dennis Moore,1548,1570
Tar Pit,6611,1566
raskolnikov,672,1564
Dad: The Boarder,1443,1560
michael,295,1558
fizzle,1191,1540
Canadian Todd (for Canadians),2692,1540
ARealGirl,4908,1531
acidity regulator,447,1529
yin,335,1528
sad little circle,145602,1527
neopolitan,146,1524
rollercoaster,2231,1524
Jerry Lundegaard,4735,1524
Quixotic,1455,1519
ohmanohman,784,1517
DasLofGang,142436,1516
MonkeyTennis,5037,1512
morbo,30539,1512
mynamerocks,4940,1505
Ddiamondd,4984,1502
fosse,98,1501
Hideaway Lights,410,1499
Mechanical Birds,16529,1477
topleybird,314,1473
Geoff,2330,1470
wah!,33477,1469
mug,34397,1467
sassafras socks,2279,1465
...,419,1463
hideout,36346,1448
goofjan grievens,37213,1448
Dawn Running Bear,989,1442
You're a jerk.,3171,1439
skittish,480,1430
impalebot,1614,1429
sean bateman,4912,1420
Polynoggin,805,1418
nil!,453,1416
haywood,345,1412
Mofuckn Chapstick,4402,1410
Lowercase Tea,2122,1402
werd,99177,1394
Pace,143049,1393
Lampwick,187,1390
hologram,142707,1384
ANU,258,1383
HUMANIMAL,454,1381
banquo,1652,1381
positive shit,3921,1376
gandhi,12448,1374
nzs,794,1373
bazooka,2054,1367
Sam Bash,995,1362
sigh,2877,1361
That Demon Life,2660,1357
swan,835,1348
BanEmAll Collective,271,1345
Julius Sumner Miller,1059,1343
Drinky,1817,1342
Bud Onkadonk,1129,1338
Polygraph Shakira,142455,1336
dimetrodons 'r' us,37905,1330
CelticFC#1,1802,1325
buriedinspace,2160,1325
fuzzy dunlop,735,1323
whatabout tim,867,1322
Ghost Boy,745,1319
Mean Princess,31919,1309
rubicon,302,1304
digital friday,1478,1293
facebook.com,28068,1288
Bologna Butt-Chic,712,1280
compatibility mode,131654,1275
Birds vs Worms,1200,1271
metallidevils,514,1267
mr. bear,2091,1266
badminton,308,1253
patchperfect,214,1252
snowcones,2202,1251
Maze,129,1250
ComradeWolf,1425,1248
nghiem,4939,1246
Holylols,1293,1238
rex,693,1237
pickles,22554,1234
cubistcastle,4719,1226
WHALEJARK-EN-CIEL,11530,1226
Gourmetbe,19553,1226
smelts,363,1221
full of fire,530,1221
WHITEBOYWASTED,610,1221
carter,299,1217
fancieland,1205,1213
iacus,1277,1196
tomasu,304,1195
deep blue meanies,23759,1193
KPH,108,1191
Hutch,2156,1170
prunes,915,1166
south pacific,5051,1166
pulled pork,1511,1164
sigmonrunner,4826,1158
gazedo,33988,1147
folkface,619,1145
Shoe,2878,1145
Fletch,1074,1142
Grand Epic,1033,1139
Jesus,349,1133
black sandwich,2172,1132
millar,36564,1130
texas,36592,1128
Ides of Smarch,1605,1125
Slamwich Artist,341,1123
nonoperational,1341,1121
freestamp,36572,1121
shank,1180,1116
Zaminium,31670,1116
separator,145869,1112
average deceiver,875,1109
axelrod gunnarson,1475,1104
Death in Vegas,186,1103
buboclot,1012,1098
Capital,2358,1097
chimp,141563,1093
No Not Now,67,1092
Gussie Fink-Nottle,2024,1091
PBR_Streetgang,5649,1090
ssa,18644,1090
PROBLEMATIC,146512,1088
duff,142437,1084
Lyndon,32087,1083
manierisme,393,1069
mich,367,1068
Future,703,1067
mothlight,2324,1058
doron sheffer,980,1056
ogdoad,992,1056
Ason Jones,2038,1055
glumble,2069,1053
galactagogue,145081,1053
glass_candle_grenade,168,1050
gutenmorgan,4830,1047
Al Barlick,122,1046
Hoxha,3692,1043
l.ambient,219,1039
theoden king,32072,1036
creedence tapes,109612,1036
grass tacks,1982,1034
eleanor,31703,1033
bachwards,1610,1032
McDermott,195,1027
Mayfuck,145287,1027
derek,719,1022
Momofuku,720,1018
Wilderness,79398,1011
biz,477,1009
walt whitman,17986,1009
Render,400,1007
ver' rare,31758,1005
callipygian,4454,1004
babybaby,12785,1004
salmon of science fact,1493,1001
Zorro,19098,1001
magritte,160,998
Malcolm Money,1858,998
Night Bronco,1382,995
Bad craziness,526,990
ssshhhooo,1320,986
mr. wizard,58,985
nicecatbutchicken,36831,982
Lake,2149,981
watchyourscrew,7422,980
kitties,4683,978
White Hipster Fag,146615,978
Kiki,29745,977
Colonel Longshanks,76,973
beefbroth inthe shitpipes,1881,971
gongshow,2454,970
odilonredon,142461,966
jazz for the deaf,1603,959
cordoba,289,957
mad snob,5171,950
Toni Turner,143667,950
A-Ok,2155,944
RAMBLIN MAN,1252,943
CoolRanch,33734,940
trigross,1392,932
ghdvfddzgzdzg,1430,931
man hold up,785,930
echoesmyron,948,926
ruiner,1454,921
spaghettiandblankets,421,920
texasme,862,915
flimsy,32083,914
TRASHBOY,1023,911
becky,143933,911
act five,1901,907
fackelmann,142291,906
Bacharach,1184,898
bobble,687,897
toph,579,895
screaming emphysema,866,895
Pnin,686,893
Alice,182,892
mattstan,20946,889
inspectorhound,144952,888
Shart Damage,6447,886
lefthandshake,32835,886
Evil Urges,2768,885
fux school punx rule,4692,885
mchamartin,2207,873
SmoothOperator,12159,872
hopped,352,871
Smarmy,891,863
lazer81,5013,863
medicore bob dole gimmick,3970,860
hosebeast,2130,858
Pascal Cygan,31247,857
belgavin,2398,851
Beast of Burden,2683,851
theworldof..,1302,850
sconies,19568,850
mike,729,836
freshweed,36648,834
Macgregor,973,831
ShumpsandaBump,32811,830
Jouster,215,827
psyduck,819,824
Barmy,4922,819
Computer,31535,813
LastHurrah,2344,808
Stagger Lee,2808,807
quite a muslim,1298,805
jumpcut,5014,802
harperesque,957,800
head gardener,1357,800
Products7074740,196,798
Motron,664,798
zutroy,2221,794
Percy Dovetonsils,406,792
c-p,963,792
sleepwalk,2016,790
gershon,751,788
seafoam,9669,788
wanamaker,4371,783
pop zeus,1206,778
jett,770,776
jarsilver,1850,775
uncanny valley,1353,772
julius,281,770
shin chan,33145,767
Philcollins,32133,764
dotheknifefight,2310,758
shacky,1047,757
rolaids,1274,754
joebobmccrackin,2088,754
postmodernist witch,36649,754
chapin,29015,753
Caracas,9458,752
messier object,233,750
sniffer,1130,748
danslog,36936,748
lynn minmei,5569,746
mworth,630,745
night moves,13843,745
potentialgetawaydriver,4307,744
bort,31647,744
wei-chuan,1080,743
carrion friend,29217,743
pez viking,898,737
jca,1560,737
squall and boats,2635,737
wakeman,434,735
education in reverse,859,735
bronzecast,552,734
Fed Ups,1008,730
rankoutsider,269,725
verbal,1321,723
ontario plates,5058,723
golden rules,311,722
evan,723,720
Semper Fudge,13699,716
hash driveway,1479,713
quartzzz,145624,713
keys open doors,1089,710
crash.landing,4360,708
NewSincereMovement,991,707
here to watch,4516,706
sugar hiccup,136104,706
Big Gay Baby,409,704
npc,6147,704
the ghost of levar burton,12989,702
dynamo,1237,699
Disturbed,797,697
BassUhBassUhBassUhBassUhBas,144062,696
deebster,2117,693
josh,865,691
Jack Swagger,2065,690
smg,3221,689
bushwick jill,2002,686
burger boy,142398,684
fatrick,287,683
allinator,142943,682
Deckard,650,680
fredonia,142270,680
kreepmode,2145,677
wall,20869,671
botpush,328,670
Marx & Engels,748,670
xgeom,730,667
swift,808,667
catatronic,2936,667
Slay Da Pink Fleshy Beast,1895,666
bunny slopes,2384,665
diet arnold palmer,235,662
nourishment,286,657
sid,143000,655
shotzi,1210,649
roosevelt,2050,647
scramble,4861,646
funkfunkfunk,674,641
rabbit,1212,641
hotdogs,34130,641
catchpenny,354,638
free range lettuce,962,637
neta,81,636
Smerdyakov,722,632
griffith scannell,389,625
the good good time,2606,625
what the schmuck,3343,625
kino,1579,621
chaosman,2277,620
nocents,4477,619
sunglasses,659,616
Billa Clack,142323,616
oftoronto,2158,614
daver,1837,608
foxriver,183,606
waterbottle,1489,606
tarantula,1170,601
Dead_Wizard,34376,601
canned_bear,426,600
kristop,384,598
boddy,142279,596
i love to baseball,1202,595
shantih,93,594
terriblybored,4829,594
goodtimes,2464,592
drum machine,142426,591
rik pik,692,589
Trebek,1246,586
Here Comes Treble,628,585
Cobra Calling,7387,585
ingmar b,23186,585
avenue,4961,581
teeny tiny cat,64659,580
advcmt,2703,575
Agent Bob,738,574
holes,292,573
beezlebub,1324,570
WPD4,3087,565
orenji,1215,563
myrrh,142429,563
oh! it's max!,1123,558
fisthead,631,557
bufu,778,556
stumblerunfall,922,556
Primary,2556,555
DisposableGriot,4959,550
Jerome,36253,548
ghostmouth,1859,546
geologist,1867,546
speeder,4907,546
Hot Carl,1176,544
Night porter,143917,543
Manual Headhunt,142263,540
incandenza,2104,539
Penne,12752,539
transmissionary,320,538
zeshank2,761,537
half-cat,2601,537
Disko aka Disco,291,536
i won a contest,79472,536
newsoda,80793,534
clams,1624,532
a is jump,270,531
Your Turret Has Been Destroyed,5094,531
winjer,546,526
My Pal the Crook,4702,526
guylum bardot,1164,523
slops,144824,523
BannedByAddisonAMA,145764,521
thechef,5735,517
drwiley,18639,516
sicknessreport,1461,515
nice pass,142265,514
basenjis chortle,595,513
vegas,1976,513
steakspoon,33019,512
hit record,199,509
capricornus rex,1218,505
M. Piedlourde,5031,504
Billy Monster,836,501
bam,3766,501
forest design,1931,499
flex nuts,747,498
buttersnatch,143,497
Snerler,488,497
2nd_yellow,965,496
mickdagger,1491,496
meeshpotato,138288,495
The Fool on the Hill,1354,493
barbara_h,1372,493
kpmns,6891,491
sam,964,489
tyler_c,4936,489
qmass,676,488
weedsmoker,79862,488
Foob,1279,487
Manifest Apathy,31804,486
smartphone,37688,485
neurot,263,483
onestone,1073,483
sterno,825,481
mglol,468,480
feaxfang,100288,479
Slickster,984,478
arepa,1326,477
Phils pecker,4894,476
Bob McAdoo,4994,472
arrête papa!,966,470
Post Modern,1423,470
das ding,4429,469
interstellar discussion,769,467
superhonma,1518,463
what's he building in there!?,4104,460
butanebob,1509,458
clamans,144173,457
anagrama,4848,456
narc blossom,69193,456
castropedia,1919,455
tommy pockets,113354,455
moffett,1948,453
gucci man,2304,453
Genius Sir,1349,452
brian,2186,450
smuckles,1565,449
Nucky,110505,449
techno beats,145,447
BIGBIGBONES,4900,447
MEGA,1002,445
Prince,1360,445
rare sword collection,1364,445
baba o rly,503,444
Viz,775,444
themightycronin,2314,444
Peter Criss,385,441
arthur_leeroth,2380,441
hektor,1884,439
Inri,1317,438
lt. Col. Rimfister,1378,438
sliiimer,1412,438
PocketDial,1065,437
criss elliott,143616,435
gassy,307,434
permanently disheveled,2023,434
transgressr,5516,432
manunder,142257,429
sonicgabe,1777,428
hatertime,34192,428
tron,479,426
Bramlet Abercrombie,5018,426
flash,2399,425
Ahhhhh Cobras!,156,424
Rumours,319,424
David Lobster Wallets,104769,424
Blorp,1860,423
dylanclub,2028,421
Jewtron,2234,420
no peaches,634,419
lil bro,4677,419
Jab Ramtertab,5036,419
Jay Owen,336,418
Parson Floogle,1250,418
Daft Pun,143572,418
Terius,2036,417
travelin' bill berry,6065,417
starless,84,414
A Gentleman,143448,414
overoverover,379,412
litt,2397,412
witold,2754,412
moops,32048,412
ale,1558,411
the upland trout,960,410
chooseyourguru,2238,410
soup,144020,409
nvrmind,4432,408
thebes chumpion,1399,407
liverkick,1567,404
Webb Bored,2258,404
Mrk'smassivehands,4801,404
FoxPass,936,403
Markman,4760,403
Clell Tickle,425,402
aspirinkid,112965,402
pitchfork.com,427,401
Phineas Gage,29570,399
frankie teardrop,5034,396
papabones,112929,393
SALEM,386,392
bedroomer,848,389
31G,39086,389
skeet happening,104,388
hocuscrocus,223,386
Simon,1562,386
Mr Squishy,142435,386
Penitent Man,12213,384
Chazzwozzer,26682,384
chowder julius,145481,384
freeform,1526,383
Link,2152,381
Jumpin' Jack Flash,2291,381
wolferine,1299,380
nope,32774,378
post-human,33553,378
Man From Laramie,764,377
Kaputt,79890,377
Aaron,806,375
sumspanishguy,4932,374
DJUNGELKUNGEN,756,373
Area Man,7725,373
LFTsky,383,371
Father Sogol,13228,371
harmonica,252,370
denvermax,3947,369
circuitry,2085,368
WaveOfAdulation,1634,367
brothertony,2275,367
frogurt,2019,365
Kokiri,606,361
blaat,90001,360
thom browne,9749,359
Hollywood Court,12739,356
nobalance,2099,355
GoodNewsFucker,2550,355
Hipinion'sGhost,934,353
midnite cobra,142470,353
orenthal_s,262,352
poffdl,2097,352
gigantic pedantic,33485,351
wildarms,18677,350
uncledoj,442,349
Non sequitur,1309,348
john penis,12378,348
Neevin,893,347
a pharmacy,40985,346
abe,32704,345
glxc,36117,345
Fun With Teeth,724,344
lust,1961,344
street cleaner,1395,343
Mr. Cool Wave,1070,340
twoboys,142487,340
Crocus Behemoth,2096,339
Mechanical bird,507,338
Ester of Wood Resin,1111,338
bobbypinhead,4975,338
Flib,1465,337
groundflower,4145,336
YardieLobo,57016,336
miraculating machine,143332,336
shiv,1617,335
barrier,40593,334
jumper,144117,332
maxwell bingo,181,331
babycanteen,1094,331
Count MC,1339,330
bloody_bastard,1449,330
humanpanty,1208,326
m law,1840,325
broseph,6130,325
fake blues,2033,324
Like a Tourist,12781,324
Marcel Juiced,36608,324
pseudozebra,6446,323
clancy,1831,322
noosecast,36556,322
Subbacultcha,1284,321
shizaam,12495,320
*__*,2401,319
Cynwad,2549,319
marathong,2778,318
blinky,105,317
up_colorful_hill,637,317
allcaps,1386,317
Dice,1963,317
Quigley,144332,316
dracula,192,314
seank37,4680,314
trainwreck,1165,311
nosebleeds,12418,310
Herzog,993,309
bucky,1209,309
danno,98866,308
DigEm,2101,307
Steve & Co,2294,307
9.5,945,303
mpanini,146480,303
++++++,469,301
trilobites,36630,300
Mirror//Mantra,1420,299
johnathan_rambo,491,297
Fredrick Douglasss,11701,297
splasm,572,296
nocturnalweeks,671,295
wizard,1121,295
thejazzwolf,34223,295
Tuesdays with Morrissey,834,293
yawn,2061,293
Slut Banger,1350,292
LloydChristmas,2074,292
Pops Freshenmeyer,2282,292
DJBJ,7513,292
Sutro,143924,292
Carlton F. Mintonado,1051,290
Hat and Beard,1169,290
building jumper,740,289
ernie,2087,289
Lahey,7695,289
plashy,40651,289
anormal,2267,288
blotter,1429,287
leather daddy,715,284
machinist,1993,284
Rollerskateskinny,2342,284
Burt Falcon,32725,284
clothbound,4420,283
slizwiz,145830,283
ka73,1138,282
cletus van damme,2393,282
furrowed brow,116368,282
sex cauldron,6537,281
Albatross,474,280
neuroticguy,99,279
nonchalant,4985,277
Hambelt,142434,277
Based Bonnie Tyler,34272,276
tea preacher,141881,275
Dinosaurboner,2851,273
peshay,4761,273
soma,5009,273
philistine,2066,272
miguel,1099,271
iwillneverpost,2675,271
mac tonite,142820,271
ted dibiase,813,269
lockheed's old roommate,143954,269
seinfeld.gif,144160,269
holland oats,3496,268
tetsuo shima,9536,265
glaucon,54,263
post/av,57,263
boatwave,142779,262
Nice Pete,144103,261
Tell A Vision,1956,260
zellar,138,259
SpartRo,1152,258
unome,144000,258
Boog Powell,868,257
Beetlebum,3182,256
snively,204,255
familyfreeskate,589,254
Atta,371,252
la croix,563,250
Mandible,142535,249
big cat,34184,248
hp haddock,325,247
charm school,483,247
lettuce,1318,247
Utah,2078,247
mothballs,737,244
Double McDouble,144511,244
coda,2185,243
doormat,1949,242
aVoider,1091,241
HarryLime,1988,241
huck,4802,241
timbrrr,1960,240
turk182,30034,240
Honga Ciganesta,48136,240
NastyNate,5001,238
velvet anus,1436,237
way to go juan,6255,237
deer,7367,237
Paul Simon,11974,237
mystery meat,142463,237
i piss on jed clampett,679,236
falser83,4734,236
edgar allen poe,746,235
trebel,578,234
a new dad for all,144015,234
fucking riffage,166,233
Melancholy_Girlhole,109084,233
Speaking,1768,232
spiraling,1394,231
broodstar,102739,230
Adult Contemporary,1319,229
thriftyrocker,340,228
unspoken,147,227
deadbass,12905,227
IdakoosGab,60167,226
bicycles,238,225
LobsterMobster,902,224
Disembodied Voice,1883,224
flavorcountry,12797,224
virexgaze,1376,221
BrainDamage,2000,220
Universal Coffee,159,219
hull Bound,4978,219
kyle,20272,219
bearthoughts11,6669,218
organsolo,2387,217
eleven,131433,217
Sadie,144172,216
Tuba Gooding Jr,145915,216
Equipo,178,215
Hornophobic,917,215
JamesPOP,1118,215
buzzard,40380,215
off the grid,6083,214
Secret Kastle,145368,214
soaking kahn,61326,213
moon unit,1254,211
multipass,4846,211
fabio,32886,211
sleeper,86,209
crepuscular,142401,209
yupislyr,303,208
inbox,6508,208
StinkyPat,2100,207
gonzo,2446,207
Marlon,222,206
Quenelle of Suck,4729,205
ashtrayheart,142800,205
Mr. Towel,680,204
Schnapple,31770,204
Warrenandstimpy,2407,203
Prince of Space,2056,202
hyperbole man,33294,202
ottbot,60512,202
hey nathan,143983,202
rosin bag,799,201
Frippinion,4314,201
malaise,2361,200
Poison Cookie,1405,199
greasefire,142319,199
intheyarbles,407,198
Cacophony,613,198
olmos,626,198
Boo Radley,2352,198
Destroid,462,197
Brunch Buttsteak,1544,197
resum,7474,197
aladdin pain,143086,197
Star-Lord,144308,197
jim belushi,145603,197
Brevity,803,196
Sir Pizza,1596,196
Ici Aussi!,5028,196
highly sexual voltron,541,195
deklin,2220,194
Thrills,32156,194
babycrime,142394,194
dosbrains,1916,193
grnz,2229,193
guaranteed mediocrity,142769,193
Organic Croutons,5104,192
Magazine,876,191
thetestis,144757,191
davidmania,928,190
uruinimgina,5024,190
Clayton Bigsby,4755,189
bee,9484,189
TuDo MeRdA,2541,187
dad issues,6256,186
based dana scully,143187,186
unsandpiper,1936,185
glover,2650,185
thanks mountain dew,31717,185
pizzapartiez,33516,184
bagwhat,83,183
a woman is,1291,183
Roboto,1995,183
SabreFancS,2246,182
brody,142493,182
richard,14604,181
nicknap,4339,180
Sleepy,32688,180
Immanuel Cunt,888,178
Afrotteur,5052,178
caesar,9136,178
slowfrown,1144,177
Benny Bones,4356,177
Dr. Fishopolis,4483,176
treinspore,5006,176
Fuck mustard,144130,176
specialagent,150,175
MeElect,1922,175
alloneword,4749,175
tuffdandle,142404,175
Shotokan,1932,174
bloo,144763,174
Midin tin,4884,172
Xylomophone,4996,172
Boo,1459,170
alongoria,1903,170
preambling,79552,170
Pandru,5916,169
JayCA,142264,169
HOT JON,4897,168
Raoupp,544,167
pogonrudie,660,166
you're all assholes,1536,166
porn.exe,32071,166
WummeWenders,1539,165
Hollowperspectiv,757,164
MmmKCR,1792,164
geesegoose,2261,164
tuffstuff,4790,164
disco no priss,145062,164
odileh,4404,163
whiskbroom,80043,163
alberto caeiro,58889,162
kettle,1874,161
thrillionaire,2017,161
Little Dwight,2080,161
hi-res,2083,161
Vacancies,977,160
moses,32690,160
psycho,15751,159
Trill,32105,159
a long gush from your hole,32309,159
DARTH BROOKS,144964,159
The Puma Man,782,158
demis,1915,158
fulltext,2046,158
charlottepipe,142447,158
Chubs,3576,157
Hudsucker,4906,156
chico,356,155
mailbox,629,155
Thistles,142303,155
Gutslab,145223,155
bluetooth,690,154
vurt,7797,154
mariavesperi,142926,154
ouroboros,143201,154
ceo,144154,154
islands are forever.,1286,152
moog liberation,2134,152
tlooth,33203,152
christmas teeth,1282,151
christian,2089,150
Tempo,101,149
cool guy,142564,149
frenchkick,87,148
ernie anastoz,471,148
Fuller,2116,146
northnorth,581,145
Jukeman,2571,145
tanuki suit,1417,144
blendercore,4953,144
lantern,6754,144
snailed,36078,144
junglejim,142287,144
fishpicnic,1468,143
thefanciestman,1433,142
matt,2235,142
discostud,2522,142
Casimir,116876,142
Mute,1776,141
cookie rex,2295,141
Sir Stucco,2909,141
Ralph Vaughan Williams,496,140
Tybalt,603,140
SPF 666,12340,140
greenmachine,4384,139
Rilkean heart,145942,139
ducktape,32547,138
jesus9Energy,1891,137
strange potion,143074,137
slothrop,2353,136
bigpussy,142417,136
davideotape,142433,136
Astro Physics,36548,135
James Woods,2587,134
Stinky,2305,133
ILM,1655,132
toaster,1869,132
aoife,42954,132
Happy Misanthrope,106,131
ToasterBoy,1432,131
scornyorno,8107,131
dookdook,28852,131
HotFingersClub,146283,131
paws scaggs,790,130
knickknacks,1058,130
jenmichaeljarre,4868,130
Gulbuddin Hekmatyar,28605,130
quarantine,142663,130
abominog,564,129
Spruce Moose,142449,129
wreckedangle,143026,129
cake,143064,129
peterbuldge,1281,128
grey,1591,128
marcinio_hall,4866,128
Slowjam and Earl,14297,128
dirtycrumbs,1036,127
Wicked Willy,5015,127
Paddington,32672,127
carrskinder,142300,127
alaska,142955,127
FirstMate,144415,127
wigra,30900,126
thornhill,348,125
goateebird,533,125
bluemachine,6202,125
ckettering,4770,124
butter,4820,124
strong nose,33313,124
makin a post,142395,123
cassius,388,121
dbag,1182,121
hogwild,1893,121
future rhombus,12981,121
charleschips,142185,121
temporary thing,144462,121
koyaanisqatsi,2445,120
tottering faith,114027,120
bat house,1025,119
draculina,32137,119
solomon panaflex,1189,118
JUDITH 'CHAD' BUTLER,142411,118
blue sunshine,142444,117
ypwo,918,115
Tai-Pan,1911,115
r4l9,2292,115
Unprofessional,3865,115
spencasaurus,32113,115
stinkypete,521,114
sleepy_boy,716,114
Christmas Ape,1231,114
eye.see,25866,114
grapes,1272,113
jireland,2032,113
pollaiuolo,2120,113
Shred Durst,4685,113
epistrophy,33488,113
dicktree,84360,113
despite,492,111
amaguri,1177,111
the brown cow,12008,111
vital signs,33227,111
Gandalf The White,33682,111
typical pickle conflicts,2076,110
family/foliate,7345,110
misfit of science,4779,108
Electriccrocodile,137,107
1SaneManiac,4690,107
Augen,4798,107
mmmbop,36623,107
mourningmaniac,143353,107
wheel alligates,1669,106
grasper,4924,106
scrumptown,130045,106
lil abner,142273,106
JongleurGrey,145393,106
words,96,105
tomcat snarl,765,105
swims,37568,105
SATAN,243,104
boner,906,104
forests,925,104
Gary BonerBreath,2072,104
risekevin,2447,104
bikes,2555,104
vertical slum,142700,104
deerhoof,4740,103
federal road,145480,103
Rempty,107,102
sleep maps,657,102
Martin Lawrence Olivier,2595,102
wnkrs,3442,102
julia,7792,101
WhatElseIsThere?,33431,101
Ezekiel Cletus,445,100
vibracobra,1043,100
JClax,16499,100
fashion trot,1888,99
Miami Advice,4533,99
Hubajube,1938,98
colour,32800,98
you're a fucking great guy,143947,98
question mark,144196,98
dizzy,2320,97
Black Sabbatical,4696,97
monophonic,5012,97
frowner,32214,97
postmodernized,12200,96
atrocious,36674,96
cashflagg,142252,96
Ronaldo_Moon,620,94
morgan blackdicks,1253,94
slow tuesday,2233,94
whatsgoingon,5050,94
Clownsex MC Cockdiesel,31845,94
Version2.0,34253,94
notjeremy,142391,94
pugnax,142424,94
whitebelt,7390,93
dankstank,143122,93
feeling better,366,92
eponymous,599,92
Mr. Conductor,1097,92
cdwill,2290,92
Toad Hall,3884,92
helen just,31751,92
Nude Spoons,2035,91
cerebralpaulsy,2230,91
dekkard,142267,91
Nausea,142425,91
Intersectoid,512,90
GKBKGB,2432,90
plum rude,3236,90
untidy,4970,90
future milf,146768,90
zisu,2391,89
pomplemousse,3001,89
WaywardScribble,9470,89
finalfrontier2,99612,89
collin,142585,89
dozens,9854,88
two-way-fart,32215,88
melba toast,32382,88
badversionofwar,144295,88
nikolai kuzmich,842,87
General,1450,87
yaka24,1939,87
playtotheexits,2111,87
rale,4836,87
THB,584,86
hamilton,695,86
buttermonster,1595,86
7SEVEN7,4524,86
Smackrobiotic,5027,86
¯\_(ツ)_/¯,12874,86
exotic rabbit,143975,86
stillword,594,85
ladyhawk.,1545,85
jesus was wrong,4504,85
Sick Sad World,7837,85
Wild at Heart,79457,85
halliwell,2133,84
land of nod,4753,84
Brett,47904,84
Stone Cold Jane Austen,144023,84
randomobject,465,83
chopperpilot,2476,83
SPICER WINSLOW,142415,83
Moniker,144330,83
losboats,4887,82
neckcarpenter,9509,82
lotso,33278,82
ralau,34977,82
Rusty,315,81
StevieD,617,81
Mai,1391,81
RedHots!,1469,81
shasta mcnasty,144857,81
vault,145634,81
frontierpsychiatrist,905,80
brainclub,2274,80
tiggerwoulds,4741,80
ghost_dog,32741,80
statutorygrape,143158,80
bedhead,1928,79
23skidoo,11597,79
Nvidia,67615,79
wiccanburn,142388,79
puffa Ranch,143922,79
bloodlines,144169,79
tetragram,144912,79
Sheppy_Wong,1899,78
Another Thought,4998,78
reelstatic,4898,77
cholula,140027,77
dancer,143977,77
someoddhours,1014,76
Lonesome Hobo,60,75
OnceinDC,1086,75
kilgore,1120,75
subtracticus,1774,75
junebuggy,2414,75
AGentleman,2710,75
stochasm,3259,75
Gyant,32816,75
uhhh,1192,74
excowboy,1221,74
preppy,3903,74
mooncalf,142320,74
keith hernandez,310,73
thenewstyle,2132,73
danny glover,2588,73
grendel54,142414,73
kiwikilla,5565,72
kingofspain,9325,72
robleb,968,71
Roebot,3083,71
evanfeite,145747,71
dash helmut,1480,70
dierobots,2008,70
Toxteth O'Grady,2465,70
pizza,32808,70
goesgone,145089,70
trdfjko,145619,70
wallet inspector,1870,69
martha s,2086,69
corpse,2339,69
eghck,4934,69
stumpy,142504,69
Conjectures win,144272,69
transcription,334,68
jeffins,568,68
harrold,2843,68
wormz,4450,68
always_hungry,4958,68
Alexis,5010,68
eat a brain,31024,68
Jakels,1543,67
spoonful,1945,67
statue of a reformer,2390,67
JerLarge,2456,67
honeypie,5057,67
taggerty,15644,67
elucidatory death image,32946,67
notlenny,40611,67
lebowski,139,66
kentucky,955,66
cbc,1147,66
great orgasm,1295,66
ecabney,4834,66
quentincompson,34601,66
acedick,143165,66
Mouse Face Killah,596,65
twice,1026,65
zolpidem tartrate,2169,65
roygbiv,3524,65
the moon the moon,4490,65
edella2,142341,65
honda civic,144046,65
Saint Francois,144187,65
John Dark,149,64
Paint.,457,64
eunuch,1330,64
edie,3702,64
Jimmy,4862,64
Also Named Bort,142351,64
Elvis Rudolph,1914,63
Peter Dinklage,2037,63
ratherdashin,3703,63
mango sentinel,37995,63
Plaid William,56587,63
Bettina,142428,63
kevmax,142432,63
gocher,142476,63
TwoInchesOfTrouble,1314,62
pq;,2199,62
inafoxhole,4942,62
dusky,122287,62
bro pesci,1585,61
herbert greedy,145472,61
Former Airline,4750,60
cruel,142280,60
bad gateway,142825,60
erroranalysis,525,59
blunder cats,710,59
burst,1027,59
droctagon2000,1223,59
demigod abs,1955,59
yourekidding,2263,59
sabinfire,446,58
Crutchfield,1490,58
ogoodness,9402,58
nailbomb,475,57
oh antrobus,810,57
asphalt,1000,57
kingblind,4367,57
vampirebear,4733,57
The Ferg,4786,57
pissywife,33126,57
lois sandborn,142294,57
stacks,142453,57
thegreatflaneur,142932,57
calc,1894,56
ihateoutdoors,4714,56
Pigwhale,4837,56
spasticcolon,36998,56
brownlights,245,55
noiseandpop,1358,55
b.chan,2609,55
reddit.com,133188,55
Pancreas Jones,142293,55
cozy,142325,55
gianni,142472,55
kittum,142530,55
loaves,142978,55
BkLounge,144063,55
alanbee,1607,54
withnail,1997,54
David Stern,2103,54
flyingdutchman,2236,54
feegs,2309,54
diaryboy,2961,54
Jim Slick,4813,54
let go of your thumb,31417,54
PerfectBlend,142402,54
piedpiper,221,53
lobster,433,53
ferdinand,1244,53
paolonutini,1662,53
pinknoise,1991,53
1600 Battle at Nieuwpoort,2226,53
hayduke,2434,53
celery,4867,53
Fyodor Dostoyevsky,4913,53
Practical Steve,32668,53
groovingrapefruit,145086,53
hedgehog kid,1325,52
Basil Jennings,2224,52
oh dear,2409,52
Frizzleandra,5005,52
Questhate,5040,52
lezmarica,5288,52
Jonah,139178,52
gobsmacked,142255,52
Intervalo,142272,52
fuck me beetlejuice,144803,52
Occlusion,145286,52
Chavran,1280,51
Voice of reason,1816,51
retriever,2025,51
ScroogeMcDuck,2114,51
number 9,3278,51
dr. dark,4705,51
Wheeljack no Densetsu,32703,51
punkdude69,33712,51
Track A,704,50
Size Queen,1190,50
suture,4791,50
crashycashcash,4904,50
odaparis,5016,50
i'm lonely,143988,50
metersk,146427,50
fuck_dolls,198,49
Razors,1921,49
eyelikecandy,1985,49
GoAnalog,1805,48
springheeljack,7424,48
idyllbergh,40388,48
Montreal,1992,47
Ghost of Pat Tillman,4804,47
sockies,34251,47
perfecto,142459,47
Tetradyne,146365,47
greenriver,1940,46
200mer,2141,46
omi,2756,46
Turenne,4889,46
arne,5003,46
Sloth,6021,46
bongzilla420,52425,46
littlegreenman,144681,46
beta bourgeoisie,145339,46
"jesus, dude",2580,45
A. Hall,2618,45
Enemy Ace,3181,45
squalor kit,12777,45
hector doepos,108438,45
Recordland,145752,45
friend,140,44
battleship grey,165,44
Gregory Volcanoes,142307,44
Det. Bobby Gold,142403,44
touche,142687,44
Beanbag America,1154,43
harborcOat,1559,43
Sean,2001,43
Hoecs,9892,43
McNutty,10954,43
prince tillian,31199,43
vagabond,142442,43
standard homo bullshit,144215,43
coolidge,4792,42
oh ok,4883,42
mcdoodledoo,6989,42
--brutus,145539,42
soakingkhan,146765,42
yukon,1501,41
Killbot Factory,1764,41
bgl3,4952,41
waterwhatever,145225,41
ambivalence,605,40
Egads,702,40
MDR-psike,1117,40
semigroupoid,1482,40
chewy,2449,40
jesus murphy,90452,40
Baconesque,890,39
iamfreelove,1474,39
theharvardcomma,2251,39
Clint09Eastwood,2544,39
petit lapin,4046,39
PostPostAcid,9544,39
jawsche,1611,38
peter,2499,38
riffraff,2581,38
matty,13169,38
Malcolm Gladwell,35688,38
danimal,39989,38
harry mason,1498,37
shoulders technicolor,1597,37
fiddles,1832,37
queezee,2034,37
schuylkill,4724,37
palz,145616,37
thrdklla,1448,36
September,1633,36
Walrus_Sox,4205,36
Lump Sum,4769,36
Dave Matthews,5287,36
Jerk.,7421,36
Jenda,33142,36
hipinion2,145504,36
The Worst,2359,35
Hollywood,2511,35
alligator,6217,35
poobus,26804,35
Zimzum,33976,35
hellotherepine,36531,35
containerdriver,44690,35
subtitles,145374,35
iambic5,559,34
Oofertman,1414,34
fuquan,1467,34
Cynical,2880,34
Pygmalion,4497,34
Frank Lapidus,4768,34
wino,23314,34
shevin kields,142571,34
mmbuja,774,33
morton downey jr.,1100,33
ladyblahblah,1113,33
this is destruction,1136,33
spin_spin_Capote,2583,33
lucious sweet,4966,33
rudylaw,9451,33
who by barbiturate,31173,33
nosummer,32217,33
miscarriage mcstairwell!,142559,33
Dr. Fraiser Crane,143949,33
St. Francis,346,32
Arshashin,793,32
nucho privet,947,32
dapperpuss,1670,32
tennessee,2058,32
Breath Mint,2303,32
mahogany,2712,32
Strangelove,3795,32
clownwig,9444,32
spokeydokes,142421,32
pillars,142937,32
ok aneurysm,143923,32
Gus Lollygagger,144171,32
final_straws,145173,32
okyeahwhatever,2638,31
Canavaro,2646,31
gauloises,4757,31
endless sleep,4800,31
ForestGospel,9360,31
sleeping,142290,31
the moral bank,440,30
thelen87,1079,30
aloha,1158,30
devolute,1499,30
$u$piria,4331,30
(Son of Streetsign),4439,30
topneurosis,4455,30
rusty venture,33523,30
Goon Bloodgood,144329,30
moon,144798,30
ursa minor,63,29
lifelonglaser,300,29
matadorph,451,29
florist fire,1017,29
kaydenkross,3355,29
Dedalus,4744,29
plates outta state,4925,29
sooty,5029,29
jj-180,5059,29
ShitHut,11828,29
Byron Chumlolington the Third,142282,29
murderhorn,145873,29
Clandestine,1269,28
60s_and_70s_guy,1520,28
Roy Roy,2677,28
Oh! Sweet Nuthin',3406,28
thelonghaul,4289,28
dylan,4414,28
Toxinho,4538,28
SUN RAD,4880,28
DiscoJon,4950,28
whitey,9330,28
aluckydevil,144805,28
carlo rossi,2340,27
johnnyricecakes,4277,27
Bolan,12166,27
Spartacus Mills,33731,27
Ron Paul,34971,27
myoclonic jerk,953,26
Spinoza,2312,26
Meliora,2388,26
Brando_T.,2631,26
todd28,4809,26
GAYDAR,4988,26
MorganRamsay,146376,26
whathappened,146537,26
holyGhost,1268,25
archie,2209,25
Broken Home,2534,25
dbowman,3089,25
obxbarrels,4366,25
silverhick,4756,25
dogfight giggle,5053,25
fuckles's beard,12950,25
StarSwallower,25026,25
Misunderstood Teenager,46674,25
freedomrock,146394,25
LilPoundcake5000,146478,25
weedstache,1040,24
jams,2461,24
DICK WOLF,4207,24
hilbert,142250,24
taoqi,553,23
the_three_G_s,950,23
brennnnz,1290,23
herheartspeaks,4711,23
cityCityCITY,4776,23
sandwitch,7923,23
Xzibit,13638,23
nate,34152,23
john travolta,142621,23
sinoscience,47804,22
palefox,95866,22
bonedaddys waitress,143942,22
Key Master,961,21
benjammin187,1678,21
oscar,2048,21
Ben Murphy,32076,21
stamp collector,144145,21
Detective,146543,21
crams,146633,21
cloudy ferguson,1063,20
Huffington,2453,20
Juneau,2665,20
igf-1,4987,20
all of the world,7984,20
acurious,14687,20
fantasypark,36239,20
shockingfuzz,45850,20
ash,78919,20
weirdcanada,143076,20
SeaLand,146467,20
Bolano,141,19
Rich,294,19
j2daedubblef,711,19
guitar preacher,1016,19
phil collins,1249,19
holidaysauce,1627,19
porkopolis,1923,19
SolemnGong,2570,19
brothersport,2613,19
liquidjesus,4468,19
pyrex vision,4955,19
erotic antibiotic,5048,19
puddin,7647,19
Stegosaurus,32086,19
sweatbeardshirt,33018,19
roll,145428,19
ThulsaDoom,786,18
Meaul,903,18
snorlax,5033,18
Davis M.J. Aurini,142873,18
gotthemtoboardhere,144776,18
charismatic megafauna,145673,18
celebrator1975,1035,17
Skully,2053,17
SuperJew,2174,17
daymanvsnightman,2268,17
drank up in my cup,4930,17
little suzie's surprise,4957,17
happyleet,12666,17
shermansghost,16587,17
elaine benes,47613,17
Taco Tuesdays,48481,17
jburtonrider,142,16
The Defenestrator,744,16
pencil,1941,16
van hammersly,2297,16
benway,3680,16
flac124,4688,16
HorizontalOne,4825,16
vacuum cleaner beating,11454,16
sandwichguy,142919,16
grantbittermelody,144165,16
knitty_kitty,145913,16
Barack Obama,329,15
MysteryWhiteBoy,1906,15
'Jim' from The Office,1953,15
jeemsupremedreamteam,2075,15
teenage jesus,2165,15
"Sex, Drugs, and Dave",2687,15
kasual,4526,15
ir0nlung,4699,15
quotes punk lyrics,4772,15
Nefas,4814,15
Filbert Custard II,4981,15
toquonce,5891,15
smarchweather,32091,15
penguinmeats,32836,15
BIGTWIX,33705,15
ruse,142393,15
August West,144314,15
Lorem Ipsum,146408,15
Kodiak,382,14
flimflam,654,14
modulor,1248,14
puffthemagicgirl,1292,14
rising_warrior,4348,14
M.Ho,4914,14
cosette,16591,14
Pee Your Pants Cool,32784,14
Raleigh,34422,14
stephenhandley,117017,14
skramz casino,142416,14
mynameisdan,499,13
CBS,844,13
top organic male,1665,13
book,2298,13
rousseau,2440,13
banana milk,3311,13
justie,4986,13
jojo,13129,13
lolcifer,14137,13
sugarberry,33674,13
ALmpla occupations,34433,13
chinese smoke,142693,13
ED HARDY,132,12
teach me metric,706,12
Caulk,750,12
astrocat,856,12
Edward Hopper,1151,12
qzdiablo,1241,12
Tetrachromatic,4080,12
AwesomeBro,4767,12
Simon Birch,5056,12
enid coleslaw,7032,12
spacetravels,12956,12
tijuana lady,21015,12
brady brink,34079,12
raza,36578,12
MONOLITH,415,11
AimeeAmyAmie,4345,11
setfiretothecouch,4465,11
Uncle Ernie,4818,11
palin4life,9475,11
kropiniski,18623,11
BattleDentist,24219,11
ill murray,31739,11
memory boy,31761,11
choleando,36567,11
havingsomethoughts,76604,11
paintstick,98009,11
Amy,116099,11
tacobelle,142577,11
mcgeegeepeepee,145431,11
kurt__,145790,11
Murtaugh,981,10
Lowbrow,1233,10
WishIwasNthe70s,1245,10
drsokk,1247,10
Gnus & Ledger,1373,10
Lime_Time,1677,10
jenkinsear,1683,10
trousers,2011,10
trace,2400,10
lemon lime time,4353,10
stormfront.org,4423,10
JackHuman,4430,10
coinlaundry,4852,10
Pick Pock,4920,10
pabs,4943,10
drsocc,12122,10
roman_bellic,31750,10
nug bug,32241,10
BABE: SLAMPIG IN THE CITY,34338,10
Poor Richard,145183,10
E-400,431,9
MoneyTheBear,1229,9
the future is now,1270,9
fatalbigfoot,1409,9
ledbetter,1578,9
twinprizes,1580,9
ataxia,1582,9
hypocrisy,1598,9
mousebiscuit,1618,9
ljerka,2225,9
Kinda,2448,9
impress a french girl,3477,9
Kozelek,3995,9
feraltron,4821,9
Thresh,5004,9
A Fax Machine,6893,9
baggin saggin barry,9577,9
KDilkington,12389,9
Pajamasuit,70626,9
party dream,113877,9
carl junglist,142308,9
citadrianne,142774,9
ayodelicious,142879,9
not_mcphee,305,8
therapeutic kush,518,8
Planktonic,1239,8
SatoIsNotPlace.,1371,8
roland n tumblin,1411,8
grimeyryan,1752,8
lesserevil,2264,8
BlackSwan,2420,8
heydrinks,4616,8
Burth,4784,8
thunderloops,4849,8
big meech,4933,8
stephenwoolf,4951,8
ApeshitMcFuckface,11509,8
daniel,12590,8
werewolf badhat,34276,8
Hound of the Basketballs,35925,8
clambake,45928,8
new slang,55802,8
tornhand,142462,8
bespokey,144006,8
NickStarr,145503,8
Dog Hands,117,7
cruelshoes,1313,7
Werner Heisenberg,1900,7
alpha60,2063,7
melt,2140,7
Ah_Pook,2308,7
FedLemming,2547,7
thexx,4676,7
always gold,9225,7
Scrooge McFuck,9823,7
nonfiction,12331,7
DAMN SLIME,12563,7
children,18850,7
RonSwanson,31732,7
wade,33613,7
George Ricotta,36810,7
mytmouse,66406,7
robert dinero,83865,7
maldito sucio,142289,7
Spiral,144235,7
tom ames prayer,144737,7
aiko,381,6
poop,1098,6
christianowens,1344,6
TBatesMTSU,1600,6
JLane,2102,6
aperock,2265,6
little,2539,6
king of carrot flowers,4517,6
do3D,4736,6
saintjames,4841,6
Crispin Glover,4875,6
Mathieu,5060,6
KRNLYA,20716,6
thisoneholymedium,32596,6
mucho mango,32709,6
Asshouse,142313,6
Triple Platinum,142430,6
hansolocup,144206,6
women's gymnastics,144208,6
hooch_lad,144331,6
Clive,146631,6
ClapYerHandz,927,5
hipster doofus,931,5
renna,1042,5
nerox,1236,5
aStartlingMoment,1285,5
Don Marco,1589,5
root beer,1673,5
IngmarBergmanhimself,2163,5
pessfranz,2262,5
mountiepride,2568,5
JesusBuiltMyJetpack,4686,5
clearisland,4707,5
vicsintra,4764,5
tender_comrade,4997,5
rainbowteeth,9418,5
whiteShadow,9756,5
Horoppoth,32797,5
Burnt Macklin,33397,5
bully,34488,5
spins'da'locs,37922,5
paper moon,144054,5
shitty 23 year old boarder,144231,5
Bad Post Illuminator,144328,5
gazcue,145591,5
Mr. John Murphy,656,4
mweldon,663,4
Yves & Wools,1061,4
anomalocaris,1109,4
supbot,1547,4
kowloonside,1588,4
shaq,1612,4
g checks,1631,4
p_nutbag,1659,4
thePowerofT,1664,4
Cobra_Commander,1675,4
w0okpr0n69,1676,4
dilaudid,1682,4
joe don baker,1913,4
Dakota,2013,4
gdilla,2108,4
might,2218,4
Asymmeter,3775,4
Midge,4341,4
michael20299,4441,4
WintersLove,4502,4
Wayne Schlagel,4856,4
leftygonzalez,4863,4
Rastaman Vibration,4976,4
Oblivian,5324,4
windigo,6075,4
blackoperations,6179,4
ife,9825,4
Paarkinsononon's dDDiseease,12949,4
Bananas & Root Beer,12955,4
Manheim Dingledong,32812,4
WistfulWorf,142312,4
LIL UGLY MANE,142413,4
Arj,142450,4
txtmsg,144007,4
Charles Wallace,144051,4
chaunceypeppertooth,144076,4
manateewhatever,145413,4
RibbitNinja,145446,4
freddysparks,145604,4
A WOMAN IN TROUBLE,147803,4
buddha with mace,1141,3
Todd Margaret,1546,3
clayraaat,1642,3
campkill,1905,3
lollian,2020,3
tokray,2105,3
theoinc,2123,3
Teacups,2182,3
GREEN,2259,3
NaughtyByNurture,2827,3
bailefunked,2886,3
ballin oates,4164,3
eltorso,4518,3
PizzaTime,4636,3
Evan Essence,4771,3
basquiat,4947,3
Marsupial,5046,3
Gimbodo,5866,3
slimy tranny,6536,3
Egyptian Femme,7002,3
ekirk,7266,3
home and garden,9408,3
paco,9412,3
abraxas,9543,3
bowlerhat510,14826,3
Fronkinsteen,24711,3
GreenDylan,33156,3
tronflower,33810,3
interesting results,34213,3
Nivek43,104450,3
Besuretoloop,142439,3
beltsander2,142718,3
whodini,144127,3
Allan Bloom,145506,3
cad monkey,145777,3
mumbosauce,146493,3
donna martin,146623,3
PaulBrown,146630,3
dalida,147003,3
enthalpy,127,2
Spoilt V Child,154,2
enlighteneddespot,220,2
Old Scratch,224,2
baffling science,260,2
sharky,531,2
Grand Champion,575,2
tinyandsuge,678,2
clubbedmuskie,1183,2
cpr,1462,2
pritamsingh98,1484,2
droopymcjackass,1505,2
Fan Dante,1517,2
swoon,1592,2
Bulbous Vulva,1984,2
exceptindreams,2354,2
Captain Obvious,3511,2
septopuss,4444,2
Rhape,4535,2
bbak,4710,2
autocratie,4833,2
BARACK PROBAMA,4921,2
kthxbai,5038,2
a trill ass ghost,5341,2
sunshine,5691,2
scipy,5892,2
Brontosaurus!,6069,2
privileged,11713,2
ashy larry,32607,2
siouxie,32706,2
uosippe,33164,2
cannedbees,36353,2
All Star Sandwich,98442,2
OBIE TRICE,142451,2
sadtexts,143487,2
Lou Champagne,144448,2
wedude5,146653,2
The King of Marigold,120,1
OhNoooBro,249,1
day of the testicle,519,1
MRrrRrRrroooWwww,623,1
jaked,727,1
Franklin Delano Roosevelt,830,1
Edgar Allen Bro,837,1
Derealization,941,1
ready willing and ableton,1011,1
A Rebours,1018,1
lascivious,1024,1
miasma,1053,1
username,1214,1
dubsteppenwolf,1234,1
impossible penetration,1275,1
alan,1332,1
vsevolod,1343,1
Ikaruga102,1366,1
wesley pipes,1424,1
jhoinsmath,1434,1
pennyfive,1477,1
spatula of the ages,1654,1
SackScraper,1684,1
mattid,1962,1
burpcontest,2110,1
franzkafkaesque,2157,1
fashion-boy,2211,1
methuselah,2222,1
chuckH2D,2228,1
lauren,2332,1
sleepissleep,2333,1
Yr Skull,2336,1
bang,2442,1
fredcast,2704,1
do ya,3138,1
roxi,4265,1
Moonroe,4361,1
iOpenMyHead,4443,1
SamsNeph,4479,1
famez,4537,1
BeepBeepImAJeep,4675,1
sking1973,4718,1
newz,4738,1
bootlegger1929,4742,1
dont toews me bro,4747,1
lethal,4773,1
3str0g3n,4797,1
bigbossnose,4860,1
Bad Boy,4899,1
905,4909,1
chillwavebro,4929,1
puppydude30,4969,1
alexton,5025,1
chaezomm,5026,1
GeniusoftheCrowd,5041,1
deeveedubs,5055,1
khrushchevy,6697,1
elpretentio,9769,1
pharoh from egypt,9850,1
Lucy Furr,10145,1
a fetus named cletus,12218,1
whatwhat,12433,1
Hospice,12601,1
Melissa,12683,1
santodomingo,17769,1
rozap,29025,1
wakaflocka1017,29341,1
patrick_chewing,30912,1
Luta,33137,1
nowitsdark,33279,1
dregs,33695,1
Sebastian,34068,1
alabaster jones,46026,1
murrayseasongood,49466,1
pizzainchief,60544,1
croakanut,116384,1
The Cat Returns,142262,1
surgery channel,142379,1
jesus_whathaveidone,142412,1
banana brown,142467,1
brutal omens,142850,1
fake pootis,142852,1
hired goon,142897,1
Margaret Dumont,143168,1
dispassionatecarpetting,143950,1
Little Miss Obesity,143998,1
Hans Groover,144008,1
Deadpanna,144057,1
PellegrinoPapi,144707,1
emotsiya,144743,1
Bobby Matthews,144850,1
orator,145476,1
Jurgish,146298,1
Rocco Siffredi,146508,1
mbv_arkestra,146549,1
skinny bitch,146551,1
word count,147171,1
jirble,274,0
HolyGhostTrance,1217,0
kick murder squad,2162,0
rocknrollpolarbear,2451,0
foreman's dog,2797,0
verso,4793,0
AlexB,4844,0
Endtro,4854,0
jeff1017,4896,0
KilgoreTroutt,4919,0
Big Red Cat,9442,0
Anselmo,12391,0
loosejoints,20615,0
someonestolemymilk,25107,0
mustelid,28349,0
dvdnthnypyntn,28912,0
thisismyusername,30850,0
inkford,30921,0
OST,31079,0
radioarmageddon,31526,0
seanhive,31663,0
J.D. Silentio,31851,0
Artful L.A. Dodger,31920,0
Banque,32006,0
wet wilson,32073,0
Samuel,32096,0
Phil Daddy,32157,0
Osceola,32209,0
unreconizablyred,32306,0
dmjonestown,32660,0
monkean,32793,0
Mannulia,32815,0
TRIFLIN' ASS MILTON,33317,0
antlerchandelier,33365,0
Mason,33438,0
harpooneer,33476,0
Mr. Peaches,34220,0
television eyes,34256,0
KUSHLORD,36964,0
criminiminal,37300,0
thisismitchell,38079,0
thehambelt,40744,0
Uncle Brutus,44594,0
warmngooey,46685,0
borzahge,53773,0
Guy Gardner,67466,0
rei,70554,0
sorenpuppet,79480,0
mycrippedfriend,95177,0
cityofworms,108308,0
Humanbeing,115535,0
tulip,124726,0
Mr. Bergstrom,139326,0
Double Wink,142268,0
mrdressup,142275,0
Shipworm,142278,0
apollonius,142281,0
Sally Fasano,142284,0
chomps,142285,0
dinner served 7-11pm,142299,0
Renard,142383,0
New Gimmick Account,142399,0
pierre le fou,142422,0
robotculinaire,142431,0
Steve and co,142443,0
ink,142446,0
ruthie cohen,142483,0
Spritti,142666,0
retina,142909,0
mandrake,142953,0
dolly llama,142967,0
SANDSQUATCH,143037,0
puddintang,143133,0
youngbeezus,143502,0
AllPartOfThePlan,144024,0
kramark,144047,0
hustlecrowe,144099,0
Broken Eames Chair,144234,0
awesome52,144825,0
monkey$$$,144978,0
loveisinsanity,145052,0
glengarryglen,145148,0
poopscoop,145160,0
jaqen h'ghar,145172,0
Jack Brock,145182,0
ourladyofflowers,145246,0
taco bell,145302,0
VerityJones,145325,0
Juicebox25,145395,0
hangry,145572,0
salaried man,145598,0
costanza,145600,0
Rockdudela,145610,0
lucrative business,145622,0
Bad Boys,145630,0
apricot,145653,0
xanathas,145654,0
seanpaulsatre,145666,0
eggiweggs,145672,0
rainbow,145679,0
theturnkey2,145693,0
spinachforest,145717,0
kit rando,145723,0
matte,145729,0
FoodCourtFashionShow,145744,0
omar,145753,0
dulcie,145769,0
whatnoise,145934,0
WhereIsTotally?,145943,0
noice,145958,0
Space Camp,145983,0
DefinitelyJugdish,146038,0
Jugdish (Verified),146040,0
dubsteppenwolf2,146060,0
WNYX,146062,0
onemorething,146100,0
thearcadehero,146101,0
Ilovegayfags,146103,0
Waterboardingcat,146121,0
lololol,146152,0
Mikecreed69,146168,0
SICKBOY,146169,0
bleepbloop,146177,0
wooksy,146198,0
mang,146209,0
p0kemonm4ster,146230,0
Alanthegoat,146260,0
mitchgreen26,146288,0
Jugd!sh,146303,0
youareagoodmotherman,146338,0
shiloh,146351,0
nosidechix,146358,0
Massivebabywall,146359,0
jeneen,146390,0
jonathanentwistle,146395,0
ICantGo4That,146397,0
thedarknebula,146410,0
SIDS Prodigy,146411,0
solar battery,146414,0
MagarSugerman,146428,0
MrWonderful,146431,0
VidaKrieger,146436,0
Anti-SJW Gimmick,146438,0
CrammingDentistryStudent,146439,0
Jorge Papageville,146488,0
coalminer,146509,0
polyethylene,146541,0
conductor,146547,0
softmachine,146550,0
mrprimetime,146557,0
GuyWithABow,146584,0
poochie,146592,0
Holeysocks,146627,0
MurraSheedy,146628,0
froggra,146629,0
realcoolattitude,146635,0
DRAGONS,146636,0
trentreznor,146638,0
Chet,146652,0
animatronicat,146750,0
AdAstraPerAspera,147682,0
casuallystrewn,148343,0
