Scrumptious Justice  8-),100
delgriffith,100
badhat,100
Feech La Manna,100
pana,100
grammatron,100
Jeremy,100
mcwop23,100
The Dirty Turtle,100
Durham,100
kid8,100
tth,100
Spoilt Victorian Child,100
bingo,100
clown,100
iambic,100
mites,100
Ram Abbalah,100
sleigh,100
VHGisdead,100
fuckles,100
JUGLIFE,100
WAC,100
universe,100
nakedlunch,100
Amblin,100
BlackSugar,100
wolfie limbaugh,100
doomedhuh,100
Ted Pikul,100
waldojeffers1,100
ecto,100
Robo-Chachi,100
pissydan,100
sordid affair,100
pootis,100
The Munificent Motherwell,100
Suspension Bridge,100
Baby Museum,100
Lucky,100
seriesfinale,100
blogger status,100
Much Honoured Lord Nefarious,100
Guy Incognito,100
gold and glass,100
Cronos,100
Frank,100
☑ the slokra ☐ not the slokra,100
fury,100
Petty,100
jewels,100
Architecture,100
number none,100
genghis sean,100
Totally,100
Savage,100
spix et chicho,100
murray st.,100
fester,100
gambra,100
chimp_,100
Snatch,100
Merciel,100
Asian Santa Baby,100
Klint,100
beave,100
deadwolfbones,100
dog liver,100
Hal Jordan,100
brent,100
someguy,100
Ankh,100
Locke,100
carlperkins,100
manvstrees,100
generic,100
Rhodes,100
hey look,100
G_S,100
Buddy Glass,100
OKterrific,100
super gas,100
tricky,100
Gehrig Industries,100
Johan POOPLER,100
macseries,100
chairkicker,100
important dentist,100
kranky,100
swag motherfucker,100
brucey,100
pinkerton,100
swamp thing,100
Kevin McCallister,100
darger,100
Toofer_Spurlock,100
The Devil's Advocate,100
CudNylon,100
Chyet,100
jerbear,100
wheeljack,100
an otter,100
IRZ,100
eee,100
hbb,100
FidelityCastro,100
antoine,100
Shalabi,100
Paul E. Pasta,100
Dr. Norm Thagard,100
Luke,100
husbands,100
addison,100
zamboni,100
pocket shepherd,100
pierrot,100
d2michael,100
Ersaph,100
internethandle,100
surly,100
Kuboaa,100
5% Tint,100
black mamba,100
Bartatua,100
coop,100
roy,100
stakeout,100
Dalen,100
speakers,100
black drum,100
Marigold,100
cram,100
a-10 warthog champion,100
mikey,100
dragon jeans,100
nautical hyperblast,100
Mandingo,100
Shost,100
R C,100
transitive,100
JohnK,100
worrywort,100
came to wreck,100
bold man,100
Grey Poupon,100
SPEED ACE,100
Stuntman,100
Dear You,100
Legion,100
wintergreen,100
internetstrange,100
unpredictable landlord,100
jbiz,100
patrick cokane?,100
Gnarls,100
grayfox,100
Poptone,100
sambadeamigo,100
pablito,100
the scofflaw,100
good pups,100
the singularity,100
captain,100
white mage,100
j_brooks,100
camping,100
regs,100
Ghost of Spartacus,100
giant_turtle,100
glock mane,100
atomicbombshell,100
andrei,100
feral,100
KALM,100
Spotlight Kid,100
Milquetoaster Strudels,100
Contristo,100
Bronsoon,100
marble,100
The Emperor's Son,100
rentboy,100
Sweet Gregory Pectin,100
qwerty,100
Zurich,100
okl,100
brittle,100
tex porneau,100
REAL BASED SLOB,100
king ding-a-ling,100
7spelledout,100
Mr. Science,100
Self Destructive Zone,100
edgeev,100
powderfinger,100
staple,100
creationist,100
saranclaps,100
Uppercrust,100
uaxactun,100
MikeS,100
lockheed,100
loadletter,100
darkendofthestreet,100
housesitter,100
ueckerist,100
lostintheair,100
easy,100
bluemovers,100
lordofdiapers,100
Bluto II Cute-O,100
mudd,100
quilty,100
Timothy,100
acapelli,100
ghostguts,100
tgk,100
frito pie country,100
joe,100
reversemigraine,100
rivalité,100
Mr Spaceship,100
port,100
sharkhax,100
Fullscreen,100
sadville,100
s/ns,100
Riverchrist,100
mellowgold,100
Buzz Fledderjohn,100
trope,100
chandler,100
dr. badvibes,100
Ferrous Bueller,100
viachicago,100
Murgatroid,100
starttomelt,100
Seamus,100
gauchebag,100
No Good Advice,100
boa,100
emotional fascism,100
john locke,100
This Guy,100
can,100
parades,100
sako,100
Bernie,100
cooly,100
hiddenicon,100
dcm,100
prexy,100
Shotfrog,100
wlad,100
musette and drums,100
Ampersand,100
Destroyevsky,100
Parnelio,100
mcphee,100
Sissy Spacerock,100
gordie blue eyes,100
all day breakfast,100
ZONKER,100
ifear,100
good news,100
Phil,100
kit fox,100
junebug,100
def from above,100
Kafkaesque,100
DestructoBot,100
Hot Piece,100
mouse pad,100
bankhead,100
palmer eldritch,100
Jake,100
wifebeat,100
Bob511,100
red desert,100
apostrophe,100
mancubz,100
traced out,100
futurist,100
crooked,100
Hugh,100
jesse,100
Mesh,100
Dinosauria We,100
rap and country,100
orange farmer,100
Ned Smanks,100
toots,100
fresh salad,100
(^_^) tasty,100
keykey,100
fiveburger dmitry,100
snitch,100
naturemorte,100
j-ol,100
gallits,100
Catullus,100
delorean,100
wyatt,100
baleen,100
Coca Cola,100
Duplo,100
neuartillery,100
Rainbow Battle Kid,100
DAT TRILL FRIEND FRITZL,100
Flossed Out,100
bluemoon,100
wong,100
SNC,100
MADONNA WAYNE GACY,100
watt,100
blues,100
duke,100
dubs,100
umryan.,100
X Marks My Pot,100
Sobieski,100
VH Balanced,100
evil olive,100
douchechill,100
mego,100
DizzyBusiness,100
good_maritimes,100
mcneil,100
arushofwings,100
Mister E,100
donut,100
Hieronymus Kush,100
adamtrask,100
klubrick,100
Weasel,100
bill murray,100
"TASKER, JERRY L",100
xxx-xxx-xxxx,100
the_village,100
barrel eye,100
shark week,100
Turner_Brown,100
Damien Amadeus MetalWind,100
stupid ass,100
Pris,100
ahungbunny,100
Smiling Penner-Lite,100
dan,100
razzle,100
drudge,100
Jefferson Zeppelin,100
Rumpleforeskin,100
rtt,100
Guffaw,100
largemarge,100
endor holocaust,100
SvenMaeglasson,100
comet,100
cyantific,100
Pokemon Mastah,100
i push miracle whips,100
parapet,100
kid_chameleon,100
gashed,100
sky cracks open,100
Felix,100
DIPSET CAPO TWERP WEB,100
kid pretentious,100
fakename,100
Prof. Horatio Hufnagel,100
gentleman,100
johnny utah,100
jeffrey,100
silverapples,100
theta,100
shirts optional,100
gskrap,100
isobel,100
millionbear,100
crissaffa,100
dreamshake,100
pretty yeoman,100
Vasya,100
Aeris Hilton,100
Montague Terrace,100
Eyeball Kid,100
wittgenstein,100
mascotte,100
cartola,100
goldsoundz,100
FourLegsGood,100
i was drunk last night,100
joymonger,100
sultanpepper,100
SynthesizerPatel,100
mixitup,100
fraew,100
tonybricker,100
miss black america,100
witchfinder,100
landspeedrecord,100
leftproofbox,100
joe bitch tv,100
blake,100
shankly,100
Elephant,100
mortimer,100
papercup,100
Slothropian,100
pantsoclock,100
Apeshit,100
Sad Panda,100
ripersnifle,100
lights,100
1986,100
NEO,100
brentmoney,100
honkduh,100
jon,100
wuk,100
sour the whip,100
snow wave,100
weezy,100
reepicheep,100
glosstime,100
AdamThomas,100
Bananafish,100
bengood,100
aeroplane,100
Platypus,100
MrDecember,100
Albus,100
pokethedoke,100
Brain Stew,100
Gene Parmesan,100
DammitSteve,100
Nova,100
thrasher,100
Vaneigem,100
virile,100
various artists,100
milknight,100
sectional,100
archaic,100
Potential Boarder,100
blurst of times,100
granger,100
Crisco Disco,100
Cone,100
Automatic,100
Grumby,100
Joe Batters,100
boonie,100
tawny frogmouth,100
bicycle made for two,100
goldmatt,100
terminus,100
grizzleb,100
hellphone,100
robespierre,100
pellegrino viking essays,100
The Unblinking Eye,100
endless dave,100
crystal.migraine,100
Wayne Chrebet,100
beausoleil,100
nenad,100
HiveBurner,100
piper,100
guidance,100
slowen,100
sevenarts,100
fresh,100
Permafrost,100
your army,100
kodachrome,100
cruiserbob,100
Blackeyed,100
otis,100
jerkstore,100
taargues,100
Thalidomide,100
botanical illustrations,100
Nadz,100
handsome brute,100
MikeyJ,100
inanimate object...alive!,100
fox's robot,100
Nacho Novo,100
mutism,100
slime,100
Dirty Penny,100
jhey,100
legibet,100
fuckyoudad,100
"new blood, old hat",100
Arturo,100
sympathy,100
alex,100
Marcus Halberstram,100
steaming shit,100
Tongue-Tied,100
pink snake,100
nite,100
shame dawg,100
clockout,100
accidentswillhappen,100
Snake,100
SonicBoom,100
scurrydog,100
Fiver,100
sunrise,100
southpaw,100
mouthful of sores,100
Sharmoota,100
my piano,100
complete,100
Mincer Ray,100
Itsmecraig,100
lunatic96,100
bowl cut,100
polygone,100
Quizzical,100
Brouhaha,100
Robert,100
sideshow raheem,100
Zwischenzug,100
Kev E Fly,100
Dennis Moore,100
Tar Pit,100
raskolnikov,100
Dad: The Boarder,100
michael,100
fizzle,100
Canadian Todd (for Canadians),100
ARealGirl,100
acidity regulator,100
yin,100
sad little circle,100
neopolitan,100
rollercoaster,100
Jerry Lundegaard,100
Quixotic,100
ohmanohman,100
DasLofGang,100
MonkeyTennis,100
morbo,100
mynamerocks,100
Ddiamondd,100
fosse,100
Hideaway Lights,100
Mechanical Birds,100
topleybird,100
Geoff,100
wah!,100
mug,100
sassafras socks,100
...,100
hideout,100
goofjan grievens,100
Dawn Running Bear,100
You're a jerk.,100
skittish,100
impalebot,100
sean bateman,100
Polynoggin,100
nil!,100
haywood,100
Mofuckn Chapstick,100
Lowercase Tea,100
werd,100
Pace,100
Lampwick,100
hologram,100
ANU,100
HUMANIMAL,100
banquo,100
positive shit,100
gandhi,100
nzs,100
bazooka,100
Sam Bash,100
sigh,100
That Demon Life,100
swan,100
BanEmAll Collective,100
Julius Sumner Miller,100
Drinky,100
Bud Onkadonk,100
Polygraph Shakira,100
dimetrodons 'r' us,100
CelticFC#1,100
buriedinspace,100
fuzzy dunlop,100
whatabout tim,100
Ghost Boy,100
Mean Princess,100
rubicon,100
digital friday,100
facebook.com,100
Bologna Butt-Chic,100
compatibility mode,100
Birds vs Worms,100
metallidevils,100
mr. bear,100
badminton,100
patchperfect,100
snowcones,100
Maze,100
ComradeWolf,100
nghiem,100
Holylols,100
rex,100
pickles,100
cubistcastle,100
WHALEJARK-EN-CIEL,100
Gourmetbe,100
smelts,100
full of fire,100
WHITEBOYWASTED,100
carter,100
fancieland,100
iacus,100
tomasu,100
deep blue meanies,100
KPH,100
Hutch,100
prunes,100
south pacific,100
pulled pork,100
sigmonrunner,100
gazedo,100
folkface,100
Shoe,100
Fletch,100
Grand Epic,100
Jesus,100
black sandwich,100
millar,100
texas,100
Ides of Smarch,100
Slamwich Artist,100
nonoperational,100
freestamp,100
shank,100
Zaminium,100
separator,100
average deceiver,100
axelrod gunnarson,100
Death in Vegas,100
buboclot,100
Capital,100
chimp,100
No Not Now,100
Gussie Fink-Nottle,100
PBR_Streetgang,100
ssa,100
PROBLEMATIC,100
duff,100
Lyndon,100
manierisme,100
mich,100
Future,100
mothlight,100
doron sheffer,100
ogdoad,100
Ason Jones,100
glumble,100
galactagogue,100
glass_candle_grenade,100
gutenmorgan,100
Al Barlick,100
Hoxha,100
l.ambient,100
theoden king,100
creedence tapes,100
grass tacks,100
eleanor,100
bachwards,100
McDermott,100
Mayfuck,100
derek,100
Momofuku,100
Wilderness,100
biz,100
walt whitman,100
Render,100
ver' rare,100
callipygian,100
babybaby,100
salmon of science fact,100
Zorro,100
magritte,100
Malcolm Money,100
Night Bronco,100
Bad craziness,100
ssshhhooo,100
mr. wizard,100
nicecatbutchicken,100
Lake,100
watchyourscrew,100
kitties,100
White Hipster Fag,100
Kiki,100
Colonel Longshanks,100
beefbroth inthe shitpipes,100
gongshow,100
odilonredon,100
jazz for the deaf,100
cordoba,100
mad snob,100
Toni Turner,100
A-Ok,100
RAMBLIN MAN,100
CoolRanch,100
trigross,100
ghdvfddzgzdzg,100
man hold up,100
echoesmyron,100
ruiner,100
spaghettiandblankets,100
texasme,100
flimsy,100
TRASHBOY,100
becky,100
act five,100
fackelmann,100
Bacharach,100
bobble,100
toph,100
screaming emphysema,100
Pnin,100
Alice,100
mattstan,100
inspectorhound,100
Shart Damage,100
lefthandshake,100
Evil Urges,100
fux school punx rule,100
mchamartin,100
SmoothOperator,100
hopped,100
Smarmy,100
lazer81,100
medicore bob dole gimmick,100
hosebeast,100
Pascal Cygan,100
belgavin,100
Beast of Burden,100
theworldof..,100
sconies,100
mike,100
freshweed,100
Macgregor,100
ShumpsandaBump,100
Jouster,100
psyduck,100
Barmy,100
Computer,100
LastHurrah,100
Stagger Lee,100
quite a muslim,100
jumpcut,100
harperesque,100
head gardener,100
Products7074740,100
Motron,100
zutroy,100
Percy Dovetonsils,100
c-p,100
sleepwalk,100
gershon,100
seafoam,100
wanamaker,100
pop zeus,100
jett,100
jarsilver,100
uncanny valley,100
julius,100
shin chan,100
Philcollins,100
dotheknifefight,100
shacky,100
rolaids,100
joebobmccrackin,100
postmodernist witch,100
chapin,100
Caracas,100
messier object,100
sniffer,100
danslog,100
lynn minmei,100
mworth,100
night moves,100
potentialgetawaydriver,100
bort,100
wei-chuan,100
carrion friend,100
pez viking,100
jca,100
squall and boats,100
wakeman,100
education in reverse,100
bronzecast,100
Fed Ups,100
rankoutsider,100
verbal,100
ontario plates,100
golden rules,100
evan,100
Semper Fudge,100
hash driveway,100
quartzzz,100
keys open doors,100
crash.landing,100
NewSincereMovement,100
here to watch,100
sugar hiccup,100
Big Gay Baby,100
npc,100
the ghost of levar burton,100
dynamo,100
Disturbed,100
BassUhBassUhBassUhBassUhBas,100
deebster,100
josh,100
Jack Swagger,100
smg,100
bushwick jill,100
burger boy,100
fatrick,100
allinator,100
Deckard,100
fredonia,100
kreepmode,100
wall,100
botpush,100
Marx & Engels,100
xgeom,100
swift,100
catatronic,100
Slay Da Pink Fleshy Beast,100
bunny slopes,100
diet arnold palmer,100
nourishment,100
sid,100
shotzi,100
roosevelt,100
scramble,100
funkfunkfunk,100
rabbit,100
hotdogs,100
catchpenny,100
free range lettuce,100
neta,100
Smerdyakov,100
griffith scannell,100
the good good time,100
what the schmuck,100
kino,100
chaosman,100
nocents,100
sunglasses,100
Billa Clack,100
oftoronto,100
daver,100
foxriver,100
waterbottle,100
tarantula,100
Dead_Wizard,100
canned_bear,100
kristop,100
boddy,100
i love to baseball,100
shantih,100
terriblybored,100
goodtimes,100
drum machine,100
rik pik,100
Trebek,100
Here Comes Treble,100
Cobra Calling,100
ingmar b,100
avenue,100
teeny tiny cat,100
advcmt,100
Agent Bob,100
holes,100
beezlebub,100
WPD4,100
orenji,100
myrrh,100
oh! it's max!,100
fisthead,100
bufu,100
stumblerunfall,100
Primary,100
DisposableGriot,100
Jerome,100
ghostmouth,100
geologist,100
speeder,100
Hot Carl,100
Night porter,100
Manual Headhunt,100
incandenza,100
Penne,100
transmissionary,100
zeshank2,100
half-cat,100
Disko aka Disco,100
i won a contest,100
newsoda,100
clams,100
a is jump,100
Your Turret Has Been Destroyed,100
winjer,100
My Pal the Crook,100
guylum bardot,100
slops,100
BannedByAddisonAMA,100
thechef,100
drwiley,100
sicknessreport,100
nice pass,100
basenjis chortle,100
vegas,100
steakspoon,100
hit record,100
capricornus rex,100
M. Piedlourde,100
Billy Monster,100
bam,100
forest design,100
flex nuts,100
buttersnatch,100
Snerler,100
2nd_yellow,100
mickdagger,100
meeshpotato,100
The Fool on the Hill,100
barbara_h,100
kpmns,100
sam,100
tyler_c,100
qmass,100
weedsmoker,100
Foob,100
Manifest Apathy,100
smartphone,100
neurot,100
onestone,100
sterno,100
mglol,100
feaxfang,100
Slickster,100
arepa,100
Phils pecker,100
Bob McAdoo,100
arrête papa!,100
Post Modern,100
das ding,100
interstellar discussion,100
superhonma,100
what's he building in there!?,100
butanebob,100
clamans,100
anagrama,100
narc blossom,100
castropedia,100
tommy pockets,100
moffett,100
gucci man,100
Genius Sir,100
brian,100
smuckles,100
Nucky,100
techno beats,100
BIGBIGBONES,100
MEGA,100
Prince,100
rare sword collection,100
baba o rly,100
Viz,100
themightycronin,100
Peter Criss,100
arthur_leeroth,100
hektor,100
Inri,100
lt. Col. Rimfister,100
sliiimer,100
PocketDial,100
criss elliott,100
gassy,100
permanently disheveled,100
transgressr,100
manunder,100
sonicgabe,100
hatertime,100
tron,100
Bramlet Abercrombie,100
flash,100
Ahhhhh Cobras!,100
Rumours,100
David Lobster Wallets,100
Blorp,100
dylanclub,100
Jewtron,100
no peaches,100
lil bro,100
Jab Ramtertab,100
Jay Owen,100
Parson Floogle,100
Daft Pun,100
Terius,100
travelin' bill berry,100
starless,100
A Gentleman,100
overoverover,100
litt,100
witold,100
moops,100
ale,100
the upland trout,100
chooseyourguru,100
soup,100
nvrmind,100
thebes chumpion,100
liverkick,100
Webb Bored,100
Mrk'smassivehands,100
FoxPass,100
Markman,100
Clell Tickle,100
aspirinkid,100
pitchfork.com,100
Phineas Gage,100
frankie teardrop,100
papabones,100
SALEM,100
bedroomer,100
31G,100
skeet happening,100
hocuscrocus,100
Simon,100
Mr Squishy,100
Penitent Man,100
Chazzwozzer,100
chowder julius,100
freeform,100
Link,100
Jumpin' Jack Flash,100
wolferine,100
nope,100
post-human,100
Man From Laramie,100
Kaputt,100
Aaron,100
sumspanishguy,100
DJUNGELKUNGEN,100
Area Man,100
LFTsky,100
Father Sogol,100
harmonica,100
denvermax,100
circuitry,100
WaveOfAdulation,100
brothertony,100
frogurt,100
Kokiri,100
blaat,100
thom browne,100
Hollywood Court,100
nobalance,100
GoodNewsFucker,100
Hipinion'sGhost,100
midnite cobra,100
orenthal_s,100
poffdl,100
gigantic pedantic,100
wildarms,100
uncledoj,100
Non sequitur,100
john penis,100
Neevin,100
a pharmacy,100
abe,100
glxc,100
Fun With Teeth,100
lust,100
street cleaner,100
Mr. Cool Wave,100
twoboys,100
Crocus Behemoth,100
Mechanical bird,100
Ester of Wood Resin,100
bobbypinhead,100
Flib,100
groundflower,100
YardieLobo,100
miraculating machine,100
shiv,100
barrier,100
jumper,100
maxwell bingo,100
babycanteen,100
Count MC,100
bloody_bastard,100
humanpanty,100
m law,100
broseph,100
fake blues,100
Like a Tourist,100
Marcel Juiced,100
pseudozebra,100
clancy,100
noosecast,100
Subbacultcha,100
shizaam,100
*__*,100
Cynwad,100
marathong,100
blinky,100
up_colorful_hill,100
allcaps,100
Dice,100
Quigley,100
dracula,100
seank37,100
trainwreck,100
nosebleeds,100
Herzog,100
bucky,100
danno,100
DigEm,100
Steve & Co,100
9.5,100
mpanini,100
++++++,100
trilobites,100
Mirror//Mantra,100
johnathan_rambo,100
Fredrick Douglasss,100
splasm,100
nocturnalweeks,100
wizard,100
thejazzwolf,100
Tuesdays with Morrissey,100
yawn,100
Slut Banger,100
LloydChristmas,100
Pops Freshenmeyer,100
DJBJ,100
Sutro,100
Carlton F. Mintonado,100
Hat and Beard,100
building jumper,100
ernie,100
Lahey,100
plashy,100
anormal,100
blotter,100
leather daddy,100
machinist,100
Rollerskateskinny,100
Burt Falcon,100
clothbound,100
slizwiz,100
ka73,100
cletus van damme,100
furrowed brow,100
sex cauldron,100
Albatross,100
neuroticguy,100
nonchalant,100
Hambelt,100
Based Bonnie Tyler,100
tea preacher,100
Dinosaurboner,100
peshay,100
soma,100
philistine,100
miguel,100
iwillneverpost,100
mac tonite,100
ted dibiase,100
lockheed's old roommate,100
seinfeld.gif,100
holland oats,100
tetsuo shima,100
glaucon,100
post/av,100
boatwave,100
Nice Pete,100
Tell A Vision,100
zellar,100
SpartRo,100
unome,100
Boog Powell,100
Beetlebum,100
snively,100
familyfreeskate,100
Atta,100
la croix,100
Mandible,100
big cat,100
hp haddock,100
charm school,100
lettuce,100
Utah,100
mothballs,100
Double McDouble,100
coda,100
doormat,100
aVoider,100
HarryLime,100
huck,100
timbrrr,100
turk182,100
Honga Ciganesta,100
NastyNate,100
velvet anus,100
way to go juan,100
deer,100
Paul Simon,100
mystery meat,100
i piss on jed clampett,100
falser83,100
edgar allen poe,100
trebel,100
a new dad for all,100
fucking riffage,100
Melancholy_Girlhole,100
Speaking,100
spiraling,100
broodstar,100
Adult Contemporary,100
thriftyrocker,100
unspoken,100
deadbass,100
IdakoosGab,100
bicycles,100
LobsterMobster,100
Disembodied Voice,100
flavorcountry,100
virexgaze,100
BrainDamage,100
Universal Coffee,100
hull Bound,100
kyle,100
bearthoughts11,100
organsolo,100
eleven,100
Sadie,100
Tuba Gooding Jr,100
Equipo,100
Hornophobic,100
JamesPOP,100
buzzard,100
off the grid,100
Secret Kastle,100
soaking kahn,100
moon unit,100
multipass,100
fabio,100
sleeper,100
crepuscular,100
yupislyr,100
inbox,100
StinkyPat,100
gonzo,100
Marlon,100
Quenelle of Suck,100
ashtrayheart,100
Mr. Towel,100
Schnapple,100
Warrenandstimpy,100
Prince of Space,100
hyperbole man,100
ottbot,100
hey nathan,100
rosin bag,100
Frippinion,100
malaise,100
Poison Cookie,100
greasefire,100
intheyarbles,100
Cacophony,100
olmos,100
Boo Radley,100
Destroid,100
Brunch Buttsteak,100
resum,100
aladdin pain,100
Star-Lord,100
jim belushi,100
Brevity,100
Sir Pizza,100
Ici Aussi!,100
highly sexual voltron,100
deklin,100
Thrills,100
babycrime,100
dosbrains,100
grnz,100
guaranteed mediocrity,100
Organic Croutons,100
Magazine,100
thetestis,100
davidmania,100
uruinimgina,100
Clayton Bigsby,100
bee,100
TuDo MeRdA,100
dad issues,100
based dana scully,100
unsandpiper,100
glover,100
thanks mountain dew,100
pizzapartiez,100
bagwhat,100
a woman is,100
Roboto,100
SabreFancS,100
brody,100
richard,100
nicknap,100
Sleepy,100
Immanuel Cunt,100
Afrotteur,100
caesar,100
slowfrown,100
Benny Bones,100
Dr. Fishopolis,100
treinspore,100
Fuck mustard,100
specialagent,100
MeElect,100
alloneword,100
tuffdandle,100
Shotokan,100
bloo,100
Midin tin,100
Xylomophone,100
Boo,100
alongoria,100
preambling,100
Pandru,100
JayCA,100
HOT JON,100
Raoupp,100
pogonrudie,100
you're all assholes,100
porn.exe,100
WummeWenders,100
Hollowperspectiv,100
MmmKCR,100
geesegoose,100
tuffstuff,100
disco no priss,100
odileh,100
whiskbroom,100
alberto caeiro,100
kettle,100
thrillionaire,100
Little Dwight,100
hi-res,100
Vacancies,100
moses,100
psycho,100
Trill,100
a long gush from your hole,100
DARTH BROOKS,100
The Puma Man,100
demis,100
fulltext,100
charlottepipe,100
Chubs,100
Hudsucker,100
chico,100
mailbox,100
Thistles,100
Gutslab,100
bluetooth,100
vurt,100
mariavesperi,100
ouroboros,100
ceo,100
islands are forever.,100
moog liberation,100
tlooth,100
christmas teeth,100
christian,100
Tempo,100
cool guy,100
frenchkick,100
ernie anastoz,100
Fuller,100
northnorth,100
Jukeman,100
tanuki suit,100
blendercore,100
lantern,100
snailed,100
junglejim,100
fishpicnic,100
thefanciestman,100
matt,100
discostud,100
Casimir,100
Mute,100
cookie rex,100
Sir Stucco,100
Ralph Vaughan Williams,100
Tybalt,100
SPF 666,100
greenmachine,100
Rilkean heart,100
ducktape,100
jesus9Energy,100
strange potion,100
slothrop,100
bigpussy,100
davideotape,100
Astro Physics,100
James Woods,100
Stinky,100
ILM,100
toaster,100
aoife,100
Happy Misanthrope,100
ToasterBoy,100
scornyorno,100
dookdook,100
HotFingersClub,100
paws scaggs,100
knickknacks,100
jenmichaeljarre,100
Gulbuddin Hekmatyar,100
quarantine,100
abominog,100
Spruce Moose,100
wreckedangle,100
cake,100
peterbuldge,100
grey,100
marcinio_hall,100
Slowjam and Earl,100
dirtycrumbs,100
Wicked Willy,100
Paddington,100
carrskinder,100
alaska,100
FirstMate,100
wigra,100
thornhill,100
goateebird,100
bluemachine,100
ckettering,100
butter,100
strong nose,100
makin a post,100
cassius,100
dbag,100
hogwild,100
future rhombus,100
charleschips,100
temporary thing,100
koyaanisqatsi,100
tottering faith,100
bat house,100
draculina,100
solomon panaflex,100
JUDITH 'CHAD' BUTLER,100
blue sunshine,100
ypwo,100
Tai-Pan,100
r4l9,100
Unprofessional,100
spencasaurus,100
stinkypete,100
sleepy_boy,100
Christmas Ape,100
eye.see,100
grapes,100
jireland,100
pollaiuolo,100
Shred Durst,100
epistrophy,100
dicktree,100
despite,100
amaguri,100
the brown cow,100
vital signs,100
Gandalf The White,100
typical pickle conflicts,100
family/foliate,100
misfit of science,100
Electriccrocodile,100
1SaneManiac,100
Augen,100
mmmbop,100
mourningmaniac,100
wheel alligates,100
grasper,100
scrumptown,100
lil abner,100
JongleurGrey,100
words,100
tomcat snarl,100
swims,100
SATAN,100
boner,100
forests,100
Gary BonerBreath,100
risekevin,100
bikes,100
vertical slum,100
deerhoof,100
federal road,100
Rempty,100
sleep maps,100
Martin Lawrence Olivier,100
wnkrs,100
julia,100
WhatElseIsThere?,100
Ezekiel Cletus,100
vibracobra,100
JClax,100
fashion trot,100
Miami Advice,100
Hubajube,100
colour,100
you're a fucking great guy,100
question mark,100
dizzy,100
Black Sabbatical,100
monophonic,100
frowner,100
postmodernized,100
atrocious,100
cashflagg,100
Ronaldo_Moon,100
morgan blackdicks,100
slow tuesday,100
whatsgoingon,100
Clownsex MC Cockdiesel,100
Version2.0,100
notjeremy,100
pugnax,100
whitebelt,100
dankstank,100
feeling better,100
eponymous,100
Mr. Conductor,100
cdwill,100
Toad Hall,100
helen just,100
Nude Spoons,100
cerebralpaulsy,100
dekkard,100
Nausea,100
Intersectoid,100
GKBKGB,100
plum rude,100
untidy,100
future milf,100
zisu,100
pomplemousse,100
WaywardScribble,100
finalfrontier2,100
collin,100
dozens,100
two-way-fart,100
melba toast,100
badversionofwar,100
nikolai kuzmich,100
General,100
yaka24,100
playtotheexits,100
rale,100
THB,100
hamilton,100
buttermonster,100
7SEVEN7,100
Smackrobiotic,100
¯\_(ツ)_/¯,100
exotic rabbit,100
stillword,100
ladyhawk.,100
jesus was wrong,100
Sick Sad World,100
Wild at Heart,100
halliwell,100
land of nod,100
Brett,100
Stone Cold Jane Austen,100
randomobject,100
chopperpilot,100
SPICER WINSLOW,100
Moniker,100
losboats,100
neckcarpenter,100
lotso,100
ralau,100
Rusty,100
StevieD,100
Mai,100
RedHots!,100
shasta mcnasty,100
vault,100
frontierpsychiatrist,100
brainclub,100
tiggerwoulds,100
ghost_dog,100
statutorygrape,100
bedhead,100
23skidoo,100
Nvidia,100
wiccanburn,100
puffa Ranch,100
bloodlines,100
tetragram,100
Sheppy_Wong,100
Another Thought,100
reelstatic,100
cholula,100
dancer,100
someoddhours,100
Lonesome Hobo,100
OnceinDC,100
kilgore,100
subtracticus,100
junebuggy,100
AGentleman,100
stochasm,100
Gyant,100
uhhh,100
excowboy,100
preppy,100
mooncalf,100
keith hernandez,100
thenewstyle,100
danny glover,100
grendel54,100
kiwikilla,100
kingofspain,100
robleb,100
Roebot,100
evanfeite,100
dash helmut,100
dierobots,100
Toxteth O'Grady,100
pizza,100
goesgone,100
trdfjko,100
wallet inspector,100
martha s,100
corpse,100
eghck,100
stumpy,100
Conjectures win,100
transcription,100
jeffins,100
harrold,100
wormz,100
always_hungry,100
Alexis,100
eat a brain,100
Jakels,100
spoonful,100
statue of a reformer,100
JerLarge,100
honeypie,100
taggerty,100
elucidatory death image,100
notlenny,100
lebowski,100
kentucky,100
cbc,100
great orgasm,100
ecabney,100
quentincompson,100
acedick,100
Mouse Face Killah,100
twice,100
zolpidem tartrate,100
roygbiv,100
the moon the moon,100
edella2,100
honda civic,100
Saint Francois,100
John Dark,100
Paint.,100
eunuch,100
edie,100
Jimmy,100
Also Named Bort,100
Elvis Rudolph,100
Peter Dinklage,100
ratherdashin,100
mango sentinel,100
Plaid William,100
Bettina,100
kevmax,100
gocher,100
TwoInchesOfTrouble,100
pq;,100
inafoxhole,100
dusky,100
bro pesci,100
herbert greedy,100
Former Airline,100
cruel,100
bad gateway,100
erroranalysis,100
blunder cats,100
burst,100
droctagon2000,100
demigod abs,100
yourekidding,100
sabinfire,100
Crutchfield,100
ogoodness,100
nailbomb,100
oh antrobus,100
asphalt,100
kingblind,100
vampirebear,100
The Ferg,100
pissywife,100
lois sandborn,100
stacks,100
thegreatflaneur,100
calc,100
ihateoutdoors,100
Pigwhale,100
spasticcolon,100
brownlights,100
noiseandpop,100
b.chan,100
reddit.com,100
Pancreas Jones,100
cozy,100
gianni,100
kittum,100
loaves,100
BkLounge,100
alanbee,100
withnail,100
David Stern,100
flyingdutchman,100
feegs,100
diaryboy,100
Jim Slick,100
let go of your thumb,100
PerfectBlend,100
piedpiper,100
lobster,100
ferdinand,100
paolonutini,100
pinknoise,100
1600 Battle at Nieuwpoort,100
hayduke,100
celery,100
Fyodor Dostoyevsky,100
Practical Steve,100
groovingrapefruit,100
hedgehog kid,100
Basil Jennings,100
oh dear,100
Frizzleandra,100
Questhate,100
lezmarica,100
Jonah,100
gobsmacked,100
Intervalo,100
fuck me beetlejuice,100
Occlusion,100
Chavran,100
Voice of reason,100
retriever,100
ScroogeMcDuck,100
number 9,100
dr. dark,100
Wheeljack no Densetsu,100
punkdude69,100
Track A,100
Size Queen,100
suture,100
crashycashcash,100
odaparis,100
i'm lonely,100
metersk,100
fuck_dolls,100
Razors,100
eyelikecandy,100
GoAnalog,100
springheeljack,100
idyllbergh,100
Montreal,100
Ghost of Pat Tillman,100
sockies,100
perfecto,100
Tetradyne,100
greenriver,100
200mer,100
omi,100
Turenne,100
arne,100
Sloth,100
bongzilla420,100
littlegreenman,100
beta bourgeoisie,100
"jesus, dude",100
A. Hall,100
Enemy Ace,100
squalor kit,100
hector doepos,100
Recordland,100
friend,100
battleship grey,100
Gregory Volcanoes,100
Det. Bobby Gold,100
touche,100
Beanbag America,100
harborcOat,100
Sean,100
Hoecs,100
McNutty,100
prince tillian,100
vagabond,100
standard homo bullshit,100
coolidge,100
oh ok,100
mcdoodledoo,100
--brutus,100
soakingkhan,100
yukon,100
Killbot Factory,100
bgl3,100
waterwhatever,100
ambivalence,100
Egads,100
MDR-psike,100
semigroupoid,100
chewy,100
jesus murphy,100
Baconesque,100
iamfreelove,100
theharvardcomma,100
Clint09Eastwood,100
petit lapin,100
PostPostAcid,100
jawsche,100
peter,100
riffraff,100
matty,100
Malcolm Gladwell,100
danimal,100
harry mason,100
shoulders technicolor,100
fiddles,100
queezee,100
schuylkill,100
palz,100
thrdklla,100
September,100
Walrus_Sox,100
Lump Sum,100
Dave Matthews,100
Jerk.,100
Jenda,100
hipinion2,100
The Worst,100
Hollywood,100
alligator,100
poobus,100
Zimzum,100
hellotherepine,100
containerdriver,100
subtitles,100
iambic5,100
Oofertman,100
fuquan,100
Cynical,100
Pygmalion,100
Frank Lapidus,100
wino,100
shevin kields,100
mmbuja,100
morton downey jr.,100
ladyblahblah,100
this is destruction,100
spin_spin_Capote,100
lucious sweet,100
rudylaw,100
who by barbiturate,100
nosummer,100
miscarriage mcstairwell!,100
Dr. Fraiser Crane,100
St. Francis,100
Arshashin,100
nucho privet,100
dapperpuss,100
tennessee,100
Breath Mint,100
mahogany,100
Strangelove,100
clownwig,100
spokeydokes,100
pillars,100
ok aneurysm,100
Gus Lollygagger,100
final_straws,100
okyeahwhatever,100
Canavaro,100
gauloises,100
endless sleep,100
ForestGospel,100
sleeping,100
the moral bank,100
thelen87,100
aloha,100
devolute,100
$u$piria,100
(Son of Streetsign),100
topneurosis,100
rusty venture,100
Goon Bloodgood,100
moon,100
ursa minor,100
lifelonglaser,100
matadorph,100
florist fire,100
kaydenkross,100
Dedalus,100
plates outta state,100
sooty,100
jj-180,100
ShitHut,100
Byron Chumlolington the Third,100
murderhorn,100
Clandestine,100
60s_and_70s_guy,100
Roy Roy,100
Oh! Sweet Nuthin',100
thelonghaul,100
dylan,100
Toxinho,100
SUN RAD,100
DiscoJon,100
whitey,100
aluckydevil,100
carlo rossi,100
johnnyricecakes,100
Bolan,100
Spartacus Mills,100
Ron Paul,100
myoclonic jerk,100
Spinoza,100
Meliora,100
Brando_T.,100
todd28,100
GAYDAR,100
MorganRamsay,100
whathappened,100
holyGhost,100
archie,100
Broken Home,100
dbowman,100
obxbarrels,100
silverhick,100
dogfight giggle,100
fuckles's beard,100
StarSwallower,100
Misunderstood Teenager,100
freedomrock,100
LilPoundcake5000,100
weedstache,100
jams,100
DICK WOLF,100
hilbert,100
taoqi,100
the_three_G_s,100
brennnnz,100
herheartspeaks,100
cityCityCITY,100
sandwitch,100
Xzibit,100
nate,100
john travolta,100
sinoscience,100
palefox,100
bonedaddys waitress,100
Key Master,100
benjammin187,100
oscar,100
Ben Murphy,100
stamp collector,100
Detective,100
crams,100
cloudy ferguson,100
Huffington,100
Juneau,100
igf-1,100
all of the world,100
acurious,100
fantasypark,100
shockingfuzz,100
ash,100
weirdcanada,100
SeaLand,100
Bolano,100
Rich,100
j2daedubblef,100
guitar preacher,100
phil collins,100
holidaysauce,100
porkopolis,100
SolemnGong,100
brothersport,100
liquidjesus,100
pyrex vision,100
erotic antibiotic,100
puddin,100
Stegosaurus,100
sweatbeardshirt,100
roll,100
ThulsaDoom,100
Meaul,100
snorlax,100
Davis M.J. Aurini,100
gotthemtoboardhere,100
charismatic megafauna,100
celebrator1975,100
Skully,100
SuperJew,100
daymanvsnightman,100
drank up in my cup,100
little suzie's surprise,100
happyleet,100
shermansghost,100
elaine benes,100
Taco Tuesdays,100
jburtonrider,100
The Defenestrator,100
pencil,100
van hammersly,100
benway,100
flac124,100
HorizontalOne,100
vacuum cleaner beating,100
sandwichguy,100
grantbittermelody,100
knitty_kitty,100
Barack Obama,100
MysteryWhiteBoy,100
'Jim' from The Office,100
jeemsupremedreamteam,100
teenage jesus,100
"Sex, Drugs, and Dave",100
kasual,100
ir0nlung,100
quotes punk lyrics,100
Nefas,100
Filbert Custard II,100
toquonce,100
smarchweather,100
penguinmeats,100
BIGTWIX,100
ruse,100
August West,100
Lorem Ipsum,100
Kodiak,100
flimflam,100
modulor,100
puffthemagicgirl,100
rising_warrior,100
M.Ho,100
cosette,100
Pee Your Pants Cool,100
Raleigh,100
stephenhandley,100
skramz casino,100
mynameisdan,100
CBS,100
top organic male,100
book,100
rousseau,100
banana milk,100
justie,100
jojo,100
lolcifer,100
sugarberry,100
ALmpla occupations,100
chinese smoke,100
ED HARDY,100
teach me metric,100
Caulk,100
astrocat,100
Edward Hopper,100
qzdiablo,100
Tetrachromatic,100
AwesomeBro,100
Simon Birch,100
enid coleslaw,100
spacetravels,100
tijuana lady,100
brady brink,100
raza,100
MONOLITH,100
AimeeAmyAmie,100
setfiretothecouch,100
Uncle Ernie,100
palin4life,100
kropiniski,100
BattleDentist,100
ill murray,100
memory boy,100
choleando,100
havingsomethoughts,100
paintstick,100
Amy,100
tacobelle,100
mcgeegeepeepee,100
kurt__,100
Murtaugh,100
Lowbrow,100
WishIwasNthe70s,100
drsokk,100
Gnus & Ledger,100
Lime_Time,100
jenkinsear,100
trousers,100
trace,100
lemon lime time,100
stormfront.org,100
JackHuman,100
coinlaundry,100
Pick Pock,100
pabs,100
drsocc,100
roman_bellic,100
nug bug,100
BABE: SLAMPIG IN THE CITY,100
Poor Richard,100
E-400,100
MoneyTheBear,100
the future is now,100
fatalbigfoot,100
ledbetter,100
twinprizes,100
ataxia,100
hypocrisy,100
mousebiscuit,100
ljerka,100
Kinda,100
impress a french girl,100
Kozelek,100
feraltron,100
Thresh,100
A Fax Machine,100
baggin saggin barry,100
KDilkington,100
Pajamasuit,100
party dream,100
carl junglist,100
citadrianne,100
ayodelicious,100
not_mcphee,100
therapeutic kush,100
Planktonic,100
SatoIsNotPlace.,100
roland n tumblin,100
grimeyryan,100
lesserevil,100
BlackSwan,100
heydrinks,100
Burth,100
thunderloops,100
big meech,100
stephenwoolf,100
ApeshitMcFuckface,100
daniel,100
werewolf badhat,100
Hound of the Basketballs,100
clambake,100
new slang,100
tornhand,100
bespokey,100
NickStarr,100
Dog Hands,100
cruelshoes,100
Werner Heisenberg,100
alpha60,100
melt,100
Ah_Pook,100
FedLemming,100
thexx,100
always gold,100
Scrooge McFuck,100
nonfiction,100
DAMN SLIME,100
children,100
RonSwanson,100
wade,100
George Ricotta,100
mytmouse,100
robert dinero,100
maldito sucio,100
Spiral,100
tom ames prayer,100
aiko,100
poop,100
christianowens,100
TBatesMTSU,100
JLane,100
aperock,100
little,100
king of carrot flowers,100
do3D,100
saintjames,100
Crispin Glover,100
Mathieu,100
KRNLYA,100
thisoneholymedium,100
mucho mango,100
Asshouse,100
Triple Platinum,100
hansolocup,100
women's gymnastics,100
hooch_lad,100
Clive,100
ClapYerHandz,100
hipster doofus,100
renna,100
nerox,100
aStartlingMoment,100
Don Marco,100
root beer,100
IngmarBergmanhimself,100
pessfranz,100
mountiepride,100
JesusBuiltMyJetpack,100
clearisland,100
vicsintra,100
tender_comrade,100
rainbowteeth,100
whiteShadow,100
Horoppoth,100
Burnt Macklin,100
bully,100
spins'da'locs,100
paper moon,100
shitty 23 year old boarder,100
Bad Post Illuminator,100
gazcue,100
Mr. John Murphy,100
mweldon,100
Yves & Wools,100
anomalocaris,100
supbot,100
kowloonside,100
shaq,100
g checks,100
p_nutbag,100
thePowerofT,100
Cobra_Commander,100
w0okpr0n69,100
dilaudid,100
joe don baker,100
Dakota,100
gdilla,100
might,100
Asymmeter,100
Midge,100
michael20299,100
WintersLove,100
Wayne Schlagel,100
leftygonzalez,100
Rastaman Vibration,100
Oblivian,100
windigo,100
blackoperations,100
ife,100
Paarkinsononon's dDDiseease,100
Bananas & Root Beer,100
Manheim Dingledong,100
WistfulWorf,100
LIL UGLY MANE,100
Arj,100
txtmsg,100
Charles Wallace,100
chaunceypeppertooth,100
manateewhatever,100
RibbitNinja,100
freddysparks,100
A WOMAN IN TROUBLE,100
buddha with mace,100
Todd Margaret,100
clayraaat,100
campkill,100
lollian,100
tokray,100
theoinc,100
Teacups,100
GREEN,100
NaughtyByNurture,100
bailefunked,100
ballin oates,100
eltorso,100
PizzaTime,100
Evan Essence,100
basquiat,100
Marsupial,100
Gimbodo,100
slimy tranny,100
Egyptian Femme,100
ekirk,100
home and garden,100
paco,100
abraxas,100
bowlerhat510,100
Fronkinsteen,100
GreenDylan,100
tronflower,100
interesting results,100
Nivek43,100
Besuretoloop,100
beltsander2,100
whodini,100
Allan Bloom,100
cad monkey,100
mumbosauce,100
donna martin,100
PaulBrown,100
dalida,100
enthalpy,100
Spoilt V Child,100
enlighteneddespot,100
Old Scratch,100
baffling science,100
sharky,100
Grand Champion,100
tinyandsuge,100
clubbedmuskie,100
cpr,100
pritamsingh98,100
droopymcjackass,100
Fan Dante,100
swoon,100
Bulbous Vulva,100
exceptindreams,100
Captain Obvious,100
septopuss,100
Rhape,100
bbak,100
autocratie,100
BARACK PROBAMA,100
kthxbai,100
a trill ass ghost,100
sunshine,100
scipy,100
Brontosaurus!,100
privileged,100
ashy larry,100
siouxie,100
uosippe,100
cannedbees,100
All Star Sandwich,100
OBIE TRICE,100
sadtexts,100
Lou Champagne,100
wedude5,100
The King of Marigold,100
OhNoooBro,100
day of the testicle,100
MRrrRrRrroooWwww,100
jaked,100
Franklin Delano Roosevelt,100
Edgar Allen Bro,100
Derealization,100
ready willing and ableton,100
A Rebours,100
lascivious,100
miasma,100
username,100
dubsteppenwolf,100
impossible penetration,100
alan,100
vsevolod,100
Ikaruga102,100
wesley pipes,100
jhoinsmath,100
pennyfive,100
spatula of the ages,100
SackScraper,100
mattid,100
burpcontest,100
franzkafkaesque,100
fashion-boy,100
methuselah,100
chuckH2D,100
lauren,100
sleepissleep,100
Yr Skull,100
bang,100
fredcast,100
do ya,100
roxi,100
Moonroe,100
iOpenMyHead,100
SamsNeph,100
famez,100
BeepBeepImAJeep,100
sking1973,100
newz,100
bootlegger1929,100
dont toews me bro,100
lethal,100
3str0g3n,100
bigbossnose,100
Bad Boy,100
905,100
chillwavebro,100
puppydude30,100
alexton,100
chaezomm,100
GeniusoftheCrowd,100
deeveedubs,100
khrushchevy,100
elpretentio,100
pharoh from egypt,100
Lucy Furr,100
a fetus named cletus,100
whatwhat,100
Hospice,100
Melissa,100
santodomingo,100
rozap,100
wakaflocka1017,100
patrick_chewing,100
Luta,100
nowitsdark,100
dregs,100
Sebastian,100
alabaster jones,100
murrayseasongood,100
pizzainchief,100
croakanut,100
The Cat Returns,100
surgery channel,100
jesus_whathaveidone,100
banana brown,100
brutal omens,100
fake pootis,100
hired goon,100
Margaret Dumont,100
dispassionatecarpetting,100
Little Miss Obesity,100
Hans Groover,100
Deadpanna,100
PellegrinoPapi,100
emotsiya,100
Bobby Matthews,100
orator,100
Jurgish,100
Rocco Siffredi,100
mbv_arkestra,100
skinny bitch,100
word count,100
jirble,100
HolyGhostTrance,100
kick murder squad,100
rocknrollpolarbear,100
foreman's dog,100
verso,100
AlexB,100
Endtro,100
jeff1017,100
KilgoreTroutt,100
Big Red Cat,100
Anselmo,100
loosejoints,100
someonestolemymilk,100
mustelid,100
dvdnthnypyntn,100
thisismyusername,100
inkford,100
OST,100
radioarmageddon,100
seanhive,100
J.D. Silentio,100
Artful L.A. Dodger,100
Banque,100
wet wilson,100
Samuel,100
Phil Daddy,100
Osceola,100
unreconizablyred,100
dmjonestown,100
monkean,100
Mannulia,100
TRIFLIN' ASS MILTON,100
antlerchandelier,100
Mason,100
harpooneer,100
Mr. Peaches,100
television eyes,100
KUSHLORD,100
criminiminal,100
thisismitchell,100
thehambelt,100
Uncle Brutus,100
warmngooey,100
borzahge,100
Guy Gardner,100
rei,100
sorenpuppet,100
mycrippedfriend,100
cityofworms,100
Humanbeing,100
tulip,100
Mr. Bergstrom,100
Double Wink,100
mrdressup,100
Shipworm,100
apollonius,100
Sally Fasano,100
chomps,100
dinner served 7-11pm,100
Renard,100
New Gimmick Account,100
pierre le fou,100
robotculinaire,100
Steve and co,100
ink,100
ruthie cohen,100
Spritti,100
retina,100
mandrake,100
dolly llama,100
SANDSQUATCH,100
puddintang,100
youngbeezus,100
AllPartOfThePlan,100
kramark,100
hustlecrowe,100
Broken Eames Chair,100
awesome52,100
monkey$$$,100
loveisinsanity,100
glengarryglen,100
poopscoop,100
jaqen h'ghar,100
Jack Brock,100
ourladyofflowers,100
taco bell,100
VerityJones,100
Juicebox25,100
hangry,100
salaried man,100
costanza,100
Rockdudela,100
lucrative business,100
Bad Boys,100
apricot,100
xanathas,100
seanpaulsatre,100
eggiweggs,100
rainbow,100
theturnkey2,100
spinachforest,100
kit rando,100
matte,100
FoodCourtFashionShow,100
omar,100
dulcie,100
whatnoise,100
WhereIsTotally?,100
noice,100
Space Camp,100
DefinitelyJugdish,100
Jugdish (Verified),100
dubsteppenwolf2,100
WNYX,100
onemorething,100
thearcadehero,100
Ilovegayfags,100
Waterboardingcat,100
lololol,100
Mikecreed69,100
SICKBOY,100
bleepbloop,100
wooksy,100
mang,100
p0kemonm4ster,100
Alanthegoat,100
mitchgreen26,100
Jugd!sh,100
youareagoodmotherman,100
shiloh,100
nosidechix,100
Massivebabywall,100
jeneen,100
jonathanentwistle,100
ICantGo4That,100
thedarknebula,100
SIDS Prodigy,100
solar battery,100
MagarSugerman,100
MrWonderful,100
VidaKrieger,100
Anti-SJW Gimmick,100
CrammingDentistryStudent,100
Jorge Papageville,100
coalminer,100
polyethylene,100
conductor,100
softmachine,100
mrprimetime,100
GuyWithABow,100
poochie,100
Holeysocks,100
MurraSheedy,100
froggra,100
realcoolattitude,100
DRAGONS,100
trentreznor,100
Chet,100
animatronicat,100
AdAstraPerAspera,100
casuallystrewn,100
